grid_id,row_index,col_index,lon,lat,is_tree,elevation,slope,aspect,tree_type
0,0,0,925388.0961,1940116.538,0,,,,
1,0,1,925388.0961,1940136.538,0,,,,
2,0,2,925388.0961,1940156.538,0,,,,
3,0,3,925388.0961,1940176.538,0,,,,
4,0,4,925388.0961,1940196.538,0,,,,
5,0,5,925388.0961,1940216.538,0,,,,
6,0,6,925388.0961,1940236.538,0,,,,
7,0,7,925388.0961,1940256.538,0,,,,
8,0,8,925388.0961,1940276.538,0,,,,
9,0,9,925388.0961,1940296.538,0,,,,
10,0,10,925388.0961,1940316.538,0,,,,
11,0,11,925388.0961,1940336.538,0,,,,
12,0,12,925388.0961,1940356.538,0,,,,
13,0,13,925388.0961,1940376.538,0,,,,
14,0,14,925388.0961,1940396.538,0,,,,
15,0,15,925388.0961,1940416.538,0,,,,
16,0,16,925388.0961,1940436.538,0,,,,
17,0,17,925388.0961,1940456.538,0,,,,
18,0,18,925388.0961,1940476.538,0,,,,
19,0,19,925388.0961,1940496.538,0,,,,
20,0,20,925388.0961,1940516.538,0,,,,
21,0,21,925388.0961,1940536.538,0,,,,
22,0,22,925388.0961,1940556.538,0,,,,
23,0,23,925388.0961,1940576.538,0,,,,
24,0,24,925388.0961,1940596.538,0,,,,
25,0,25,925388.0961,1940616.538,0,,,,
26,0,26,925388.0961,1940636.538,0,,,,
27,0,27,925388.0961,1940656.538,0,,,,
28,0,28,925388.0961,1940676.538,0,,,,
29,0,29,925388.0961,1940696.538,0,,,,
30,0,30,925388.0961,1940716.538,0,,,,
31,0,31,925388.0961,1940736.538,0,,,,
32,0,32,925388.0961,1940756.538,0,,,,
33,0,33,925388.0961,1940776.538,0,,,,
34,0,34,925388.0961,1940796.538,0,,,,
35,0,35,925388.0961,1940816.538,0,,,,
36,0,36,925388.0961,1940836.538,0,,,,
37,0,37,925388.0961,1940856.538,0,,,,
38,0,38,925388.0961,1940876.538,0,,,,
39,0,39,925408.0961,1940116.538,0,,,,
40,0,40,925408.0961,1940136.538,0,,,,
41,0,41,925408.0961,1940156.538,0,,,,
42,0,42,925408.0961,1940176.538,1,,,,
43,0,43,925408.0961,1940196.538,0,,,,
44,0,44,925408.0961,1940216.538,1,,,,
45,0,45,925408.0961,1940236.538,1,,,,
46,0,46,925408.0961,1940256.538,1,,,,
47,0,47,925408.0961,1940276.538,1,,,,
48,0,48,925408.0961,1940296.538,0,,,,
49,0,49,925408.0961,1940316.538,0,,,,
50,0,50,925408.0961,1940336.538,0,,,,
51,0,51,925408.0961,1940356.538,0,,,,
52,0,52,925408.0961,1940376.538,0,,,,
53,0,53,925408.0961,1940396.538,0,,,,
54,1,0,925408.0961,1940416.538,0,,,,
55,1,1,925408.0961,1940436.538,0,,,,
56,1,2,925408.0961,1940456.538,0,,,,
57,1,3,925408.0961,1940476.538,0,,,,
58,1,4,925408.0961,1940496.538,0,,,,
59,1,5,925408.0961,1940516.538,0,,,,
60,1,6,925408.0961,1940536.538,0,,,,
61,1,7,925408.0961,1940556.538,0,,,,
62,1,8,925408.0961,1940576.538,0,,,,
63,1,9,925408.0961,1940596.538,0,,,,
64,1,10,925408.0961,1940616.538,0,,,,
65,1,11,925408.0961,1940636.538,0,,,,
66,1,12,925408.0961,1940656.538,0,,,,
67,1,13,925408.0961,1940676.538,0,,,,
68,1,14,925408.0961,1940696.538,0,,,,
69,1,15,925408.0961,1940716.538,0,,,,
70,1,16,925408.0961,1940736.538,0,,,,
71,1,17,925408.0961,1940756.538,0,,,,
72,1,18,925408.0961,1940776.538,0,,,,
73,1,19,925408.0961,1940796.538,0,,,,
74,1,20,925408.0961,1940816.538,0,,,,
75,1,21,925408.0961,1940836.538,0,,,,
76,1,22,925408.0961,1940856.538,0,,,,
77,1,23,925408.0961,1940876.538,0,,,,
78,1,24,925428.0961,1940116.538,0,,,,
79,1,25,925428.0961,1940136.538,0,,,,
80,1,26,925428.0961,1940156.538,0,,,,
81,1,27,925428.0961,1940176.538,0,,,,
82,1,28,925428.0961,1940196.538,0,,,,
83,1,29,925428.0961,1940216.538,0,,,,
84,1,30,925428.0961,1940236.538,0,,,,
85,1,31,925428.0961,1940256.538,0,,,,
86,1,32,925428.0961,1940276.538,0,,,,
87,1,33,925428.0961,1940296.538,0,,,,
88,1,34,925428.0961,1940316.538,0,,,,
89,1,35,925428.0961,1940336.538,0,,,,
90,1,36,925428.0961,1940356.538,0,,,,
91,1,37,925428.0961,1940376.538,0,,,,
92,1,38,925428.0961,1940396.538,0,,,,
93,1,39,925428.0961,1940416.538,0,,,,
94,1,40,925428.0961,1940436.538,0,,,,
95,1,41,925428.0961,1940456.538,0,,,,
96,1,42,925428.0961,1940476.538,0,,,,
97,1,43,925428.0961,1940496.538,1,,,,
98,1,44,925428.0961,1940516.538,0,,,,
99,1,45,925428.0961,1940536.538,0,,,,
100,1,46,925428.0961,1940556.538,1,,,,
101,1,47,925428.0961,1940576.538,0,,,,
102,1,48,925428.0961,1940596.538,0,,,,
103,1,49,925428.0961,1940616.538,0,,,,
104,1,50,925428.0961,1940636.538,0,,,,
105,1,51,925428.0961,1940656.538,0,,,,
106,1,52,925428.0961,1940676.538,0,,,,
107,1,53,925428.0961,1940696.538,0,,,,
108,2,0,925428.0961,1940716.538,0,,,,
109,2,1,925428.0961,1940736.538,0,,,,
110,2,2,925428.0961,1940756.538,0,,,,
111,2,3,925428.0961,1940776.538,0,,,,
112,2,4,925428.0961,1940796.538,0,,,,
113,2,5,925428.0961,1940816.538,0,,,,
114,2,6,925428.0961,1940836.538,0,,,,
115,2,7,925428.0961,1940856.538,0,,,,
116,2,8,925428.0961,1940876.538,0,,,,
117,2,9,925448.0961,1940116.538,0,,,,
118,2,10,925448.0961,1940136.538,0,,,,
119,2,11,925448.0961,1940156.538,0,,,,
120,2,12,925448.0961,1940176.538,0,,,,
121,2,13,925448.0961,1940196.538,0,,,,
122,2,14,925448.0961,1940216.538,0,,,,
123,2,15,925448.0961,1940236.538,0,,,,
124,2,16,925448.0961,1940256.538,0,,,,
125,2,17,925448.0961,1940276.538,0,,,,
126,2,18,925448.0961,1940296.538,0,,,,
127,2,19,925448.0961,1940316.538,0,,,,
128,2,20,925448.0961,1940336.538,0,,,,
129,2,21,925448.0961,1940356.538,0,,,,
130,2,22,925448.0961,1940376.538,0,,,,
131,2,23,925448.0961,1940396.538,0,,,,
132,2,24,925448.0961,1940416.538,0,,,,
133,2,25,925448.0961,1940436.538,0,,,,
134,2,26,925448.0961,1940456.538,0,,,,
135,2,27,925448.0961,1940476.538,0,,,,
136,2,28,925448.0961,1940496.538,0,,,,
137,2,29,925448.0961,1940516.538,0,,,,
138,2,30,925448.0961,1940536.538,0,,,,
139,2,31,925448.0961,1940556.538,0,,,,
140,2,32,925448.0961,1940576.538,0,,,,
141,2,33,925448.0961,1940596.538,1,,,,
142,2,34,925448.0961,1940616.538,1,,,,
143,2,35,925448.0961,1940636.538,1,,,,
144,2,36,925448.0961,1940656.538,1,,,,
145,2,37,925448.0961,1940676.538,1,,,,
146,2,38,925448.0961,1940696.538,1,,,,
147,2,39,925448.0961,1940716.538,0,,,,
148,2,40,925448.0961,1940736.538,0,,,,
149,2,41,925448.0961,1940756.538,0,,,,
150,2,42,925448.0961,1940776.538,0,,,,
151,2,43,925448.0961,1940796.538,1,,,,
152,2,44,925448.0961,1940816.538,1,,,,
153,2,45,925448.0961,1940836.538,1,,,,
154,2,46,925448.0961,1940856.538,0,,,,
155,2,47,925448.0961,1940876.538,0,,,,
156,2,48,925468.0961,1940116.538,0,,,,
157,2,49,925468.0961,1940136.538,0,,,,
158,2,50,925468.0961,1940156.538,0,,,,
159,2,51,925468.0961,1940176.538,0,,,,
160,2,52,925468.0961,1940196.538,0,,,,
161,2,53,925468.0961,1940216.538,0,,,,
162,3,0,925468.0961,1940236.538,0,,,,
163,3,1,925468.0961,1940256.538,0,,,,
164,3,2,925468.0961,1940276.538,0,,,,
165,3,3,925468.0961,1940296.538,0,,,,
166,3,4,925468.0961,1940316.538,0,,,,
167,3,5,925468.0961,1940336.538,0,,,,
168,3,6,925468.0961,1940356.538,0,,,,
169,3,7,925468.0961,1940376.538,0,,,,
170,3,8,925468.0961,1940396.538,0,,,,
171,3,9,925468.0961,1940416.538,0,,,,
172,3,10,925468.0961,1940436.538,0,,,,
173,3,11,925468.0961,1940456.538,0,,,,
174,3,12,925468.0961,1940476.538,0,,,,
175,3,13,925468.0961,1940496.538,0,,,,
176,3,14,925468.0961,1940516.538,0,,,,
177,3,15,925468.0961,1940536.538,0,,,,
178,3,16,925468.0961,1940556.538,0,,,,
179,3,17,925468.0961,1940576.538,0,,,,
180,3,18,925468.0961,1940596.538,0,,,,
181,3,19,925468.0961,1940616.538,0,,,,
182,3,20,925468.0961,1940636.538,0,,,,
183,3,21,925468.0961,1940656.538,0,,,,
184,3,22,925468.0961,1940676.538,0,,,,
185,3,23,925468.0961,1940696.538,0,,,,
186,3,24,925468.0961,1940716.538,0,,,,
187,3,25,925468.0961,1940736.538,0,,,,
188,3,26,925468.0961,1940756.538,0,,,,
189,3,27,925468.0961,1940776.538,0,,,,
190,3,28,925468.0961,1940796.538,0,,,,
191,3,29,925468.0961,1940816.538,0,,,,
192,3,30,925468.0961,1940836.538,0,,,,
193,3,31,925468.0961,1940856.538,0,,,,
194,3,32,925468.0961,1940876.538,0,,,,
195,3,33,925488.0961,1940116.538,1,,,,
196,3,34,925488.0961,1940136.538,1,,,,
197,3,35,925488.0961,1940156.538,1,,,,
198,3,36,925488.0961,1940176.538,1,,,,
199,3,37,925488.0961,1940196.538,1,,,,
200,3,38,925488.0961,1940216.538,1,,,,
201,3,39,925488.0961,1940236.538,1,,,,
202,3,40,925488.0961,1940256.538,0,,,,
203,3,41,925488.0961,1940276.538,0,,,,
204,3,42,925488.0961,1940296.538,1,,,,
205,3,43,925488.0961,1940316.538,1,,,,
206,3,44,925488.0961,1940336.538,1,,,,
207,3,45,925488.0961,1940356.538,1,,,,
208,3,46,925488.0961,1940376.538,1,,,,
209,3,47,925488.0961,1940396.538,0,,,,
210,3,48,925488.0961,1940416.538,0,,,,
211,3,49,925488.0961,1940436.538,0,,,,
212,3,50,925488.0961,1940456.538,0,,,,
213,3,51,925488.0961,1940476.538,0,,,,
214,3,52,925488.0961,1940496.538,0,,,,
215,3,53,925488.0961,1940516.538,0,,,,
216,4,0,925488.0961,1940536.538,0,,,,
217,4,1,925488.0961,1940556.538,0,,,,
218,4,2,925488.0961,1940576.538,0,,,,
219,4,3,925488.0961,1940596.538,0,,,,
220,4,4,925488.0961,1940616.538,0,,,,
221,4,5,925488.0961,1940636.538,0,,,,
222,4,6,925488.0961,1940656.538,0,,,,
223,4,7,925488.0961,1940676.538,0,,,,
224,4,8,925488.0961,1940696.538,0,,,,
225,4,9,925488.0961,1940716.538,0,,,,
226,4,10,925488.0961,1940736.538,0,,,,
227,4,11,925488.0961,1940756.538,0,,,,
228,4,12,925488.0961,1940776.538,0,,,,
229,4,13,925488.0961,1940796.538,0,,,,
230,4,14,925488.0961,1940816.538,0,,,,
231,4,15,925488.0961,1940836.538,0,,,,
232,4,16,925488.0961,1940856.538,0,,,,
233,4,17,925488.0961,1940876.538,0,,,,
234,4,18,925508.0961,1940116.538,0,,,,
235,4,19,925508.0961,1940136.538,0,,,,
236,4,20,925508.0961,1940156.538,0,,,,
237,4,21,925508.0961,1940176.538,0,,,,
238,4,22,925508.0961,1940196.538,0,,,,
239,4,23,925508.0961,1940216.538,0,,,,
240,4,24,925508.0961,1940236.538,0,,,,
241,4,25,925508.0961,1940256.538,0,,,,
242,4,26,925508.0961,1940276.538,0,,,,
243,4,27,925508.0961,1940296.538,0,,,,
244,4,28,925508.0961,1940316.538,0,,,,
245,4,29,925508.0961,1940336.538,0,,,,
246,4,30,925508.0961,1940356.538,0,,,,
247,4,31,925508.0961,1940376.538,0,,,,
248,4,32,925508.0961,1940396.538,0,,,,
249,4,33,925508.0961,1940416.538,1,,,,
250,4,34,925508.0961,1940436.538,1,,,,
251,4,35,925508.0961,1940456.538,1,,,,
252,4,36,925508.0961,1940476.538,1,,,,
253,4,37,925508.0961,1940496.538,1,,,,
254,4,38,925508.0961,1940516.538,1,,,,
255,4,39,925508.0961,1940536.538,1,,,,
256,4,40,925508.0961,1940556.538,1,,,,
257,4,41,925508.0961,1940576.538,1,,,,
258,4,42,925508.0961,1940596.538,1,,,,
259,4,43,925508.0961,1940616.538,1,,,,
260,4,44,925508.0961,1940636.538,1,,,,
261,4,45,925508.0961,1940656.538,1,,,,
262,4,46,925508.0961,1940676.538,1,,,,
263,4,47,925508.0961,1940696.538,1,,,,
264,4,48,925508.0961,1940716.538,0,,,,
265,4,49,925508.0961,1940736.538,0,,,,
266,4,50,925508.0961,1940756.538,0,,,,
267,4,51,925508.0961,1940776.538,0,,,,
268,4,52,925508.0961,1940796.538,0,,,,
269,4,53,925508.0961,1940816.538,0,,,,
270,5,0,925508.0961,1940836.538,0,,,,
271,5,1,925508.0961,1940856.538,0,,,,
272,5,2,925508.0961,1940876.538,0,,,,
273,5,3,925528.0961,1940116.538,0,,,,
274,5,4,925528.0961,1940136.538,0,,,,
275,5,5,925528.0961,1940156.538,0,,,,
276,5,6,925528.0961,1940176.538,0,,,,
277,5,7,925528.0961,1940196.538,0,,,,
278,5,8,925528.0961,1940216.538,0,,,,
279,5,9,925528.0961,1940236.538,0,,,,
280,5,10,925528.0961,1940256.538,0,,,,
281,5,11,925528.0961,1940276.538,0,,,,
282,5,12,925528.0961,1940296.538,0,,,,
283,5,13,925528.0961,1940316.538,0,,,,
284,5,14,925528.0961,1940336.538,0,,,,
285,5,15,925528.0961,1940356.538,0,,,,
286,5,16,925528.0961,1940376.538,0,,,,
287,5,17,925528.0961,1940396.538,0,,,,
288,5,18,925528.0961,1940416.538,0,,,,
289,5,19,925528.0961,1940436.538,0,,,,
290,5,20,925528.0961,1940456.538,0,,,,
291,5,21,925528.0961,1940476.538,0,,,,
292,5,22,925528.0961,1940496.538,0,,,,
293,5,23,925528.0961,1940516.538,0,,,,
294,5,24,925528.0961,1940536.538,0,,,,
295,5,25,925528.0961,1940556.538,0,,,,
296,5,26,925528.0961,1940576.538,0,,,,
297,5,27,925528.0961,1940596.538,0,,,,
298,5,28,925528.0961,1940616.538,0,,,,
299,5,29,925528.0961,1940636.538,0,,,,
300,5,30,925528.0961,1940656.538,0,,,,
301,5,31,925528.0961,1940676.538,0,,,,
302,5,32,925528.0961,1940696.538,0,,,,
303,5,33,925528.0961,1940716.538,1,,,,
304,5,34,925528.0961,1940736.538,1,,,,
305,5,35,925528.0961,1940756.538,1,,,,
306,5,36,925528.0961,1940776.538,0,,,,
307,5,37,925528.0961,1940796.538,1,,,,
308,5,38,925528.0961,1940816.538,1,,,,
309,5,39,925528.0961,1940836.538,1,,,,
310,5,40,925528.0961,1940856.538,1,,,,
311,5,41,925528.0961,1940876.538,1,,,,
312,5,42,925548.0961,1940116.538,1,,,,
313,5,43,925548.0961,1940136.538,1,,,,
314,5,44,925548.0961,1940156.538,1,,,,
315,5,45,925548.0961,1940176.538,0,,,,
316,5,46,925548.0961,1940196.538,1,,,,
317,5,47,925548.0961,1940216.538,1,,,,
318,5,48,925548.0961,1940236.538,1,,,,
319,5,49,925548.0961,1940256.538,1,,,,
320,5,50,925548.0961,1940276.538,1,,,,
321,5,51,925548.0961,1940296.538,0,,,,
322,5,52,925548.0961,1940316.538,0,,,,
323,5,53,925548.0961,1940336.538,0,,,,
324,6,0,925548.0961,1940356.538,0,,,,
325,6,1,925548.0961,1940376.538,0,,,,
326,6,2,925548.0961,1940396.538,0,,,,
327,6,3,925548.0961,1940416.538,0,,,,
328,6,4,925548.0961,1940436.538,0,,,,
329,6,5,925548.0961,1940456.538,0,,,,
330,6,6,925548.0961,1940476.538,0,,,,
331,6,7,925548.0961,1940496.538,0,,,,
332,6,8,925548.0961,1940516.538,0,,,,
333,6,9,925548.0961,1940536.538,0,,,,
334,6,10,925548.0961,1940556.538,0,,,,
335,6,11,925548.0961,1940576.538,0,,,,
336,6,12,925548.0961,1940596.538,0,,,,
337,6,13,925548.0961,1940616.538,0,,,,
338,6,14,925548.0961,1940636.538,0,,,,
339,6,15,925548.0961,1940656.538,0,,,,
340,6,16,925548.0961,1940676.538,0,,,,
341,6,17,925548.0961,1940696.538,0,,,,
342,6,18,925548.0961,1940716.538,0,,,,
343,6,19,925548.0961,1940736.538,0,,,,
344,6,20,925548.0961,1940756.538,0,,,,
345,6,21,925548.0961,1940776.538,0,,,,
346,6,22,925548.0961,1940796.538,0,,,,
347,6,23,925548.0961,1940816.538,0,,,,
348,6,24,925548.0961,1940836.538,0,,,,
349,6,25,925548.0961,1940856.538,0,,,,
350,6,26,925548.0961,1940876.538,0,,,,
351,6,27,925568.0961,1940116.538,0,,,,
352,6,28,925568.0961,1940136.538,0,,,,
353,6,29,925568.0961,1940156.538,0,,,,
354,6,30,925568.0961,1940176.538,0,,,,
355,6,31,925568.0961,1940196.538,0,,,,
356,6,32,925568.0961,1940216.538,1,,,,
357,6,33,925568.0961,1940236.538,1,,,,
358,6,34,925568.0961,1940256.538,1,,,,
359,6,35,925568.0961,1940276.538,1,,,,
360,6,36,925568.0961,1940296.538,1,,,,
361,6,37,925568.0961,1940316.538,1,,,,
362,6,38,925568.0961,1940336.538,1,,,,
363,6,39,925568.0961,1940356.538,1,,,,
364,6,40,925568.0961,1940376.538,1,,,,
365,6,41,925568.0961,1940396.538,0,,,,
366,6,42,925568.0961,1940416.538,0,,,,
367,6,43,925568.0961,1940436.538,0,,,,
368,6,44,925568.0961,1940456.538,0,,,,
369,6,45,925568.0961,1940476.538,0,,,,
370,6,46,925568.0961,1940496.538,1,,,,
371,6,47,925568.0961,1940516.538,1,,,,
372,6,48,925568.0961,1940536.538,1,,,,
373,6,49,925568.0961,1940556.538,1,,,,
374,6,50,925568.0961,1940576.538,1,,,,
375,6,51,925568.0961,1940596.538,0,,,,
376,6,52,925568.0961,1940616.538,0,,,,
377,6,53,925568.0961,1940636.538,0,,,,
378,7,0,925568.0961,1940656.538,0,,,,
379,7,1,925568.0961,1940676.538,0,,,,
380,7,2,925568.0961,1940696.538,0,,,,
381,7,3,925568.0961,1940716.538,0,,,,
382,7,4,925568.0961,1940736.538,0,,,,
383,7,5,925568.0961,1940756.538,0,,,,
384,7,6,925568.0961,1940776.538,0,,,,
385,7,7,925568.0961,1940796.538,0,,,,
386,7,8,925568.0961,1940816.538,0,,,,
387,7,9,925568.0961,1940836.538,0,,,,
388,7,10,925568.0961,1940856.538,0,,,,
389,7,11,925568.0961,1940876.538,0,,,,
390,7,12,925588.0961,1940116.538,0,,,,
391,7,13,925588.0961,1940136.538,0,,,,
392,7,14,925588.0961,1940156.538,0,,,,
393,7,15,925588.0961,1940176.538,0,,,,
394,7,16,925588.0961,1940196.538,0,,,,
395,7,17,925588.0961,1940216.538,0,,,,
396,7,18,925588.0961,1940236.538,0,,,,
397,7,19,925588.0961,1940256.538,0,,,,
398,7,20,925588.0961,1940276.538,0,,,,
399,7,21,925588.0961,1940296.538,0,,,,
400,7,22,925588.0961,1940316.538,0,,,,
401,7,23,925588.0961,1940336.538,0,,,,
402,7,24,925588.0961,1940356.538,0,,,,
403,7,25,925588.0961,1940376.538,0,,,,
404,7,26,925588.0961,1940396.538,0,,,,
405,7,27,925588.0961,1940416.538,0,,,,
406,7,28,925588.0961,1940436.538,0,,,,
407,7,29,925588.0961,1940456.538,0,,,,
408,7,30,925588.0961,1940476.538,0,,,,
409,7,31,925588.0961,1940496.538,0,,,,
410,7,32,925588.0961,1940516.538,1,,,,
411,7,33,925588.0961,1940536.538,1,,,,
412,7,34,925588.0961,1940556.538,1,,,,
413,7,35,925588.0961,1940576.538,1,,,,
414,7,36,925588.0961,1940596.538,1,,,,
415,7,37,925588.0961,1940616.538,1,,,,
416,7,38,925588.0961,1940636.538,1,,,,
417,7,39,925588.0961,1940656.538,1,,,,
418,7,40,925588.0961,1940676.538,1,,,,
419,7,41,925588.0961,1940696.538,0,,,,
420,7,42,925588.0961,1940716.538,0,,,,
421,7,43,925588.0961,1940736.538,0,,,,
422,7,44,925588.0961,1940756.538,0,,,,
423,7,45,925588.0961,1940776.538,1,,,,
424,7,46,925588.0961,1940796.538,1,,,,
425,7,47,925588.0961,1940816.538,1,,,,
426,7,48,925588.0961,1940836.538,1,,,,
427,7,49,925588.0961,1940856.538,1,,,,
428,7,50,925588.0961,1940876.538,0,,,,
429,7,51,925608.0961,1940116.538,0,,,,
430,7,52,925608.0961,1940136.538,0,,,,
431,7,53,925608.0961,1940156.538,0,,,,
432,8,0,925608.0961,1940176.538,0,,,,
433,8,1,925608.0961,1940196.538,0,,,,
434,8,2,925608.0961,1940216.538,0,,,,
435,8,3,925608.0961,1940236.538,0,,,,
436,8,4,925608.0961,1940256.538,0,,,,
437,8,5,925608.0961,1940276.538,0,,,,
438,8,6,925608.0961,1940296.538,0,,,,
439,8,7,925608.0961,1940316.538,0,,,,
440,8,8,925608.0961,1940336.538,0,,,,
441,8,9,925608.0961,1940356.538,0,,,,
442,8,10,925608.0961,1940376.538,0,,,,
443,8,11,925608.0961,1940396.538,0,,,,
444,8,12,925608.0961,1940416.538,0,,,,
445,8,13,925608.0961,1940436.538,0,,,,
446,8,14,925608.0961,1940456.538,0,,,,
447,8,15,925608.0961,1940476.538,0,,,,
448,8,16,925608.0961,1940496.538,0,,,,
449,8,17,925608.0961,1940516.538,0,,,,
450,8,18,925608.0961,1940536.538,0,,,,
451,8,19,925608.0961,1940556.538,0,,,,
452,8,20,925608.0961,1940576.538,0,,,,
453,8,21,925608.0961,1940596.538,0,,,,
454,8,22,925608.0961,1940616.538,0,,,,
455,8,23,925608.0961,1940636.538,0,,,,
456,8,24,925608.0961,1940656.538,0,,,,
457,8,25,925608.0961,1940676.538,0,,,,
458,8,26,925608.0961,1940696.538,0,,,,
459,8,27,925608.0961,1940716.538,0,,,,
460,8,28,925608.0961,1940736.538,0,,,,
461,8,29,925608.0961,1940756.538,0,,,,
462,8,30,925608.0961,1940776.538,0,,,,
463,8,31,925608.0961,1940796.538,1,,,,
464,8,32,925608.0961,1940816.538,1,,,,
465,8,33,925608.0961,1940836.538,1,,,,
466,8,34,925608.0961,1940856.538,1,,,,
467,8,35,925608.0961,1940876.538,1,,,,
468,8,36,925628.0961,1940116.538,1,,,,
469,8,37,925628.0961,1940136.538,1,,,,
470,8,38,925628.0961,1940156.538,1,,,,
471,8,39,925628.0961,1940176.538,1,,,,
472,8,40,925628.0961,1940196.538,1,,,,
473,8,41,925628.0961,1940216.538,0,,,,
474,8,42,925628.0961,1940236.538,0,,,,
475,8,43,925628.0961,1940256.538,1,,,,
476,8,44,925628.0961,1940276.538,1,,,,
477,8,45,925628.0961,1940296.538,1,,,,
478,8,46,925628.0961,1940316.538,0,,,,
479,8,47,925628.0961,1940336.538,0,,,,
480,8,48,925628.0961,1940356.538,1,,,,
481,8,49,925628.0961,1940376.538,0,,,,
482,8,50,925628.0961,1940396.538,0,,,,
483,8,51,925628.0961,1940416.538,0,,,,
484,8,52,925628.0961,1940436.538,0,,,,
485,8,53,925628.0961,1940456.538,0,,,,
486,9,0,925628.0961,1940476.538,0,,,,
487,9,1,925628.0961,1940496.538,0,,,,
488,9,2,925628.0961,1940516.538,0,,,,
489,9,3,925628.0961,1940536.538,0,,,,
490,9,4,925628.0961,1940556.538,0,,,,
491,9,5,925628.0961,1940576.538,0,,,,
492,9,6,925628.0961,1940596.538,0,,,,
493,9,7,925628.0961,1940616.538,0,,,,
494,9,8,925628.0961,1940636.538,0,,,,
495,9,9,925628.0961,1940656.538,0,,,,
496,9,10,925628.0961,1940676.538,0,,,,
497,9,11,925628.0961,1940696.538,0,,,,
498,9,12,925628.0961,1940716.538,0,,,,
499,9,13,925628.0961,1940736.538,0,,,,
500,9,14,925628.0961,1940756.538,0,,,,
501,9,15,925628.0961,1940776.538,0,,,,
502,9,16,925628.0961,1940796.538,0,,,,
503,9,17,925628.0961,1940816.538,0,,,,
504,9,18,925628.0961,1940836.538,0,,,,
505,9,19,925628.0961,1940856.538,0,,,,
506,9,20,925628.0961,1940876.538,0,,,,
507,9,21,925648.0961,1940116.538,0,,,,
508,9,22,925648.0961,1940136.538,0,,,,
509,9,23,925648.0961,1940156.538,0,,,,
510,9,24,925648.0961,1940176.538,0,,,,
511,9,25,925648.0961,1940196.538,0,,,,
512,9,26,925648.0961,1940216.538,0,,,,
513,9,27,925648.0961,1940236.538,0,,,,
514,9,28,925648.0961,1940256.538,0,,,,
515,9,29,925648.0961,1940276.538,0,,,,
516,9,30,925648.0961,1940296.538,0,,,,
517,9,31,925648.0961,1940316.538,1,,,,
518,9,32,925648.0961,1940336.538,1,,,,
519,9,33,925648.0961,1940356.538,1,,,,
520,9,34,925648.0961,1940376.538,1,,,,
521,9,35,925648.0961,1940396.538,1,,,,
522,9,36,925648.0961,1940416.538,1,,,,
523,9,37,925648.0961,1940436.538,1,,,,
524,9,38,925648.0961,1940456.538,1,,,,
525,9,39,925648.0961,1940476.538,1,,,,
526,9,40,925648.0961,1940496.538,1,,,,
527,9,41,925648.0961,1940516.538,1,,,,
528,9,42,925648.0961,1940536.538,0,,,,
529,9,43,925648.0961,1940556.538,0,,,,
530,9,44,925648.0961,1940576.538,1,,,,
531,9,45,925648.0961,1940596.538,1,,,,
532,9,46,925648.0961,1940616.538,1,,,,
533,9,47,925648.0961,1940636.538,1,,,,
534,9,48,925648.0961,1940656.538,0,,,,
535,9,49,925648.0961,1940676.538,0,,,,
536,9,50,925648.0961,1940696.538,0,,,,
537,9,51,925648.0961,1940716.538,0,,,,
538,9,52,925648.0961,1940736.538,0,,,,
539,9,53,925648.0961,1940756.538,0,,,,
540,10,0,925648.0961,1940776.538,0,,,,
541,10,1,925648.0961,1940796.538,0,,,,
542,10,2,925648.0961,1940816.538,0,,,,
543,10,3,925648.0961,1940836.538,0,,,,
544,10,4,925648.0961,1940856.538,0,,,,
545,10,5,925648.0961,1940876.538,0,,,,
546,10,6,925668.0961,1940116.538,0,,,,
547,10,7,925668.0961,1940136.538,0,,,,
548,10,8,925668.0961,1940156.538,0,,,,
549,10,9,925668.0961,1940176.538,0,,,,
550,10,10,925668.0961,1940196.538,0,,,,
551,10,11,925668.0961,1940216.538,0,,,,
552,10,12,925668.0961,1940236.538,0,,,,
553,10,13,925668.0961,1940256.538,0,,,,
554,10,14,925668.0961,1940276.538,0,,,,
555,10,15,925668.0961,1940296.538,0,,,,
556,10,16,925668.0961,1940316.538,0,,,,
557,10,17,925668.0961,1940336.538,0,,,,
558,10,18,925668.0961,1940356.538,0,,,,
559,10,19,925668.0961,1940376.538,0,,,,
560,10,20,925668.0961,1940396.538,0,,,,
561,10,21,925668.0961,1940416.538,0,,,,
562,10,22,925668.0961,1940436.538,0,,,,
563,10,23,925668.0961,1940456.538,0,,,,
564,10,24,925668.0961,1940476.538,0,,,,
565,10,25,925668.0961,1940496.538,0,,,,
566,10,26,925668.0961,1940516.538,0,,,,
567,10,27,925668.0961,1940536.538,0,,,,
568,10,28,925668.0961,1940556.538,0,,,,
569,10,29,925668.0961,1940576.538,1,,,,
570,10,30,925668.0961,1940596.538,1,,,,
571,10,31,925668.0961,1940616.538,1,,,,
572,10,32,925668.0961,1940636.538,1,,,,
573,10,33,925668.0961,1940656.538,1,,,,
574,10,34,925668.0961,1940676.538,1,,,,
575,10,35,925668.0961,1940696.538,1,,,,
576,10,36,925668.0961,1940716.538,1,,,,
577,10,37,925668.0961,1940736.538,1,,,,
578,10,38,925668.0961,1940756.538,1,,,,
579,10,39,925668.0961,1940776.538,1,,,,
580,10,40,925668.0961,1940796.538,1,,,,
581,10,41,925668.0961,1940816.538,1,,,,
582,10,42,925668.0961,1940836.538,1,,,,
583,10,43,925668.0961,1940856.538,1,,,,
584,10,44,925668.0961,1940876.538,1,,,,
585,10,45,925688.0961,1940116.538,1,,,,
586,10,46,925688.0961,1940136.538,1,,,,
587,10,47,925688.0961,1940156.538,1,,,,
588,10,48,925688.0961,1940176.538,0,,,,
589,10,49,925688.0961,1940196.538,0,,,,
590,10,50,925688.0961,1940216.538,0,,,,
591,10,51,925688.0961,1940236.538,0,,,,
592,10,52,925688.0961,1940256.538,0,,,,
593,10,53,925688.0961,1940276.538,0,,,,
594,11,0,925688.0961,1940296.538,0,,,,
595,11,1,925688.0961,1940316.538,0,,,,
596,11,2,925688.0961,1940336.538,0,,,,
597,11,3,925688.0961,1940356.538,0,,,,
598,11,4,925688.0961,1940376.538,0,,,,
599,11,5,925688.0961,1940396.538,0,,,,
600,11,6,925688.0961,1940416.538,0,,,,
601,11,7,925688.0961,1940436.538,0,,,,
602,11,8,925688.0961,1940456.538,0,,,,
603,11,9,925688.0961,1940476.538,0,,,,
604,11,10,925688.0961,1940496.538,0,,,,
605,11,11,925688.0961,1940516.538,0,,,,
606,11,12,925688.0961,1940536.538,0,,,,
607,11,13,925688.0961,1940556.538,0,,,,
608,11,14,925688.0961,1940576.538,0,,,,
609,11,15,925688.0961,1940596.538,0,,,,
610,11,16,925688.0961,1940616.538,0,,,,
611,11,17,925688.0961,1940636.538,0,,,,
612,11,18,925688.0961,1940656.538,0,,,,
613,11,19,925688.0961,1940676.538,0,,,,
614,11,20,925688.0961,1940696.538,0,,,,
615,11,21,925688.0961,1940716.538,0,,,,
616,11,22,925688.0961,1940736.538,0,,,,
617,11,23,925688.0961,1940756.538,0,,,,
618,11,24,925688.0961,1940776.538,0,,,,
619,11,25,925688.0961,1940796.538,0,,,,
620,11,26,925688.0961,1940816.538,0,,,,
621,11,27,925688.0961,1940836.538,0,,,,
622,11,28,925688.0961,1940856.538,1,,,,
623,11,29,925688.0961,1940876.538,1,,,,
624,11,30,925708.0961,1940116.538,1,,,,
625,11,31,925708.0961,1940136.538,1,,,,
626,11,32,925708.0961,1940156.538,1,,,,
627,11,33,925708.0961,1940176.538,1,,,,
628,11,34,925708.0961,1940196.538,1,,,,
629,11,35,925708.0961,1940216.538,1,,,,
630,11,36,925708.0961,1940236.538,1,,,,
631,11,37,925708.0961,1940256.538,1,,,,
632,11,38,925708.0961,1940276.538,1,,,,
633,11,39,925708.0961,1940296.538,1,,,,
634,11,40,925708.0961,1940316.538,1,,,,
635,11,41,925708.0961,1940336.538,1,,,,
636,11,42,925708.0961,1940356.538,1,,,,
637,11,43,925708.0961,1940376.538,1,,,,
638,11,44,925708.0961,1940396.538,1,,,,
639,11,45,925708.0961,1940416.538,1,,,,
640,11,46,925708.0961,1940436.538,0,,,,
641,11,47,925708.0961,1940456.538,0,,,,
642,11,48,925708.0961,1940476.538,0,,,,
643,11,49,925708.0961,1940496.538,0,,,,
644,11,50,925708.0961,1940516.538,0,,,,
645,11,51,925708.0961,1940536.538,0,,,,
646,11,52,925708.0961,1940556.538,0,,,,
647,11,53,925708.0961,1940576.538,0,,,,
648,12,0,925708.0961,1940596.538,0,,,,
649,12,1,925708.0961,1940616.538,0,,,,
650,12,2,925708.0961,1940636.538,0,,,,
651,12,3,925708.0961,1940656.538,0,,,,
652,12,4,925708.0961,1940676.538,0,,,,
653,12,5,925708.0961,1940696.538,0,,,,
654,12,6,925708.0961,1940716.538,0,,,,
655,12,7,925708.0961,1940736.538,0,,,,
656,12,8,925708.0961,1940756.538,0,,,,
657,12,9,925708.0961,1940776.538,0,,,,
658,12,10,925708.0961,1940796.538,0,,,,
659,12,11,925708.0961,1940816.538,0,,,,
660,12,12,925708.0961,1940836.538,0,,,,
661,12,13,925708.0961,1940856.538,0,,,,
662,12,14,925708.0961,1940876.538,0,,,,
663,12,15,925728.0961,1940116.538,0,,,,
664,12,16,925728.0961,1940136.538,0,,,,
665,12,17,925728.0961,1940156.538,0,,,,
666,12,18,925728.0961,1940176.538,0,,,,
667,12,19,925728.0961,1940196.538,0,,,,
668,12,20,925728.0961,1940216.538,0,,,,
669,12,21,925728.0961,1940236.538,0,,,,
670,12,22,925728.0961,1940256.538,0,,,,
671,12,23,925728.0961,1940276.538,0,,,,
672,12,24,925728.0961,1940296.538,0,,,,
673,12,25,925728.0961,1940316.538,0,,,,
674,12,26,925728.0961,1940336.538,0,,,,
675,12,27,925728.0961,1940356.538,0,,,,
676,12,28,925728.0961,1940376.538,1,,,,
677,12,29,925728.0961,1940396.538,1,,,,
678,12,30,925728.0961,1940416.538,1,,,,
679,12,31,925728.0961,1940436.538,1,,,,
680,12,32,925728.0961,1940456.538,1,,,,
681,12,33,925728.0961,1940476.538,1,,,,
682,12,34,925728.0961,1940496.538,1,,,,
683,12,35,925728.0961,1940516.538,1,,,,
684,12,36,925728.0961,1940536.538,1,,,,
685,12,37,925728.0961,1940556.538,1,,,,
686,12,38,925728.0961,1940576.538,1,,,,
687,12,39,925728.0961,1940596.538,0,,,,
688,12,40,925728.0961,1940616.538,1,,,,
689,12,41,925728.0961,1940636.538,1,,,,
690,12,42,925728.0961,1940656.538,1,,,,
691,12,43,925728.0961,1940676.538,1,,,,
692,12,44,925728.0961,1940696.538,1,,,,
693,12,45,925728.0961,1940716.538,1,,,,
694,12,46,925728.0961,1940736.538,1,,,,
695,12,47,925728.0961,1940756.538,0,,,,
696,12,48,925728.0961,1940776.538,0,,,,
697,12,49,925728.0961,1940796.538,0,,,,
698,12,50,925728.0961,1940816.538,0,,,,
699,12,51,925728.0961,1940836.538,0,,,,
700,12,52,925728.0961,1940856.538,0,,,,
701,12,53,925728.0961,1940876.538,0,,,,
702,13,0,925748.0961,1940116.538,0,,,,
703,13,1,925748.0961,1940136.538,0,,,,
704,13,2,925748.0961,1940156.538,0,,,,
705,13,3,925748.0961,1940176.538,0,,,,
706,13,4,925748.0961,1940196.538,0,,,,
707,13,5,925748.0961,1940216.538,0,,,,
708,13,6,925748.0961,1940236.538,0,,,,
709,13,7,925748.0961,1940256.538,0,,,,
710,13,8,925748.0961,1940276.538,0,,,,
711,13,9,925748.0961,1940296.538,0,,,,
712,13,10,925748.0961,1940316.538,0,,,,
713,13,11,925748.0961,1940336.538,0,,,,
714,13,12,925748.0961,1940356.538,0,,,,
715,13,13,925748.0961,1940376.538,0,,,,
716,13,14,925748.0961,1940396.538,0,,,,
717,13,15,925748.0961,1940416.538,0,,,,
718,13,16,925748.0961,1940436.538,0,,,,
719,13,17,925748.0961,1940456.538,0,,,,
720,13,18,925748.0961,1940476.538,0,,,,
721,13,19,925748.0961,1940496.538,0,,,,
722,13,20,925748.0961,1940516.538,0,,,,
723,13,21,925748.0961,1940536.538,0,,,,
724,13,22,925748.0961,1940556.538,0,,,,
725,13,23,925748.0961,1940576.538,0,,,,
726,13,24,925748.0961,1940596.538,0,,,,
727,13,25,925748.0961,1940616.538,0,,,,
728,13,26,925748.0961,1940636.538,0,,,,
729,13,27,925748.0961,1940656.538,0,,,,
730,13,28,925748.0961,1940676.538,0,,,,
731,13,29,925748.0961,1940696.538,1,,,,
732,13,30,925748.0961,1940716.538,1,,,,
733,13,31,925748.0961,1940736.538,1,,,,
734,13,32,925748.0961,1940756.538,1,,,,
735,13,33,925748.0961,1940776.538,1,,,,
736,13,34,925748.0961,1940796.538,1,,,,
737,13,35,925748.0961,1940816.538,1,,,,
738,13,36,925748.0961,1940836.538,1,,,,
739,13,37,925748.0961,1940856.538,1,,,,
740,13,38,925748.0961,1940876.538,0,,,,
741,13,39,925768.0961,1940116.538,0,,,,
742,13,40,925768.0961,1940136.538,1,,,,
743,13,41,925768.0961,1940156.538,1,,,,
744,13,42,925768.0961,1940176.538,1,,,,
745,13,43,925768.0961,1940196.538,1,,,,
746,13,44,925768.0961,1940216.538,1,,,,
747,13,45,925768.0961,1940236.538,1,,,,
748,13,46,925768.0961,1940256.538,1,,,,
749,13,47,925768.0961,1940276.538,1,,,,
750,13,48,925768.0961,1940296.538,0,,,,
751,13,49,925768.0961,1940316.538,0,,,,
752,13,50,925768.0961,1940336.538,0,,,,
753,13,51,925768.0961,1940356.538,0,,,,
754,13,52,925768.0961,1940376.538,0,,,,
755,13,53,925768.0961,1940396.538,0,,,,
756,14,0,925768.0961,1940416.538,0,,,,
757,14,1,925768.0961,1940436.538,0,,,,
758,14,2,925768.0961,1940456.538,0,,,,
759,14,3,925768.0961,1940476.538,0,,,,
760,14,4,925768.0961,1940496.538,0,,,,
761,14,5,925768.0961,1940516.538,0,,,,
762,14,6,925768.0961,1940536.538,0,,,,
763,14,7,925768.0961,1940556.538,0,,,,
764,14,8,925768.0961,1940576.538,0,,,,
765,14,9,925768.0961,1940596.538,0,,,,
766,14,10,925768.0961,1940616.538,0,,,,
767,14,11,925768.0961,1940636.538,0,,,,
768,14,12,925768.0961,1940656.538,0,,,,
769,14,13,925768.0961,1940676.538,0,,,,
770,14,14,925768.0961,1940696.538,0,,,,
771,14,15,925768.0961,1940716.538,0,,,,
772,14,16,925768.0961,1940736.538,0,,,,
773,14,17,925768.0961,1940756.538,0,,,,
774,14,18,925768.0961,1940776.538,0,,,,
775,14,19,925768.0961,1940796.538,0,,,,
776,14,20,925768.0961,1940816.538,0,,,,
777,14,21,925768.0961,1940836.538,0,,,,
778,14,22,925768.0961,1940856.538,0,,,,
779,14,23,925768.0961,1940876.538,0,,,,
780,14,24,925788.0961,1940116.538,0,,,,
781,14,25,925788.0961,1940136.538,0,,,,
782,14,26,925788.0961,1940156.538,0,,,,
783,14,27,925788.0961,1940176.538,0,,,,
784,14,28,925788.0961,1940196.538,0,,,,
785,14,29,925788.0961,1940216.538,1,,,,
786,14,30,925788.0961,1940236.538,1,,,,
787,14,31,925788.0961,1940256.538,1,,,,
788,14,32,925788.0961,1940276.538,1,,,,
789,14,33,925788.0961,1940296.538,1,,,,
790,14,34,925788.0961,1940316.538,1,,,,
791,14,35,925788.0961,1940336.538,1,,,,
792,14,36,925788.0961,1940356.538,1,,,,
793,14,37,925788.0961,1940376.538,0,,,,
794,14,38,925788.0961,1940396.538,0,,,,
795,14,39,925788.0961,1940416.538,0,,,,
796,14,40,925788.0961,1940436.538,1,,,,
797,14,41,925788.0961,1940456.538,1,,,,
798,14,42,925788.0961,1940476.538,1,,,,
799,14,43,925788.0961,1940496.538,1,,,,
800,14,44,925788.0961,1940516.538,1,,,,
801,14,45,925788.0961,1940536.538,1,,,,
802,14,46,925788.0961,1940556.538,1,,,,
803,14,47,925788.0961,1940576.538,1,,,,
804,14,48,925788.0961,1940596.538,1,,,,
805,14,49,925788.0961,1940616.538,1,,,,
806,14,50,925788.0961,1940636.538,1,,,,
807,14,51,925788.0961,1940656.538,1,,,,
808,14,52,925788.0961,1940676.538,0,,,,
809,14,53,925788.0961,1940696.538,0,,,,
810,15,0,925788.0961,1940716.538,0,,,,
811,15,1,925788.0961,1940736.538,0,,,,
812,15,2,925788.0961,1940756.538,0,,,,
813,15,3,925788.0961,1940776.538,0,,,,
814,15,4,925788.0961,1940796.538,0,,,,
815,15,5,925788.0961,1940816.538,0,,,,
816,15,6,925788.0961,1940836.538,0,,,,
817,15,7,925788.0961,1940856.538,0,,,,
818,15,8,925788.0961,1940876.538,0,,,,
819,15,9,925808.0961,1940116.538,0,,,,
820,15,10,925808.0961,1940136.538,0,,,,
821,15,11,925808.0961,1940156.538,0,,,,
822,15,12,925808.0961,1940176.538,0,,,,
823,15,13,925808.0961,1940196.538,0,,,,
824,15,14,925808.0961,1940216.538,0,,,,
825,15,15,925808.0961,1940236.538,0,,,,
826,15,16,925808.0961,1940256.538,0,,,,
827,15,17,925808.0961,1940276.538,0,,,,
828,15,18,925808.0961,1940296.538,0,,,,
829,15,19,925808.0961,1940316.538,0,,,,
830,15,20,925808.0961,1940336.538,0,,,,
831,15,21,925808.0961,1940356.538,0,,,,
832,15,22,925808.0961,1940376.538,0,,,,
833,15,23,925808.0961,1940396.538,0,,,,
834,15,24,925808.0961,1940416.538,0,,,,
835,15,25,925808.0961,1940436.538,0,,,,
836,15,26,925808.0961,1940456.538,0,,,,
837,15,27,925808.0961,1940476.538,0,,,,
838,15,28,925808.0961,1940496.538,0,,,,
839,15,29,925808.0961,1940516.538,1,,,,
840,15,30,925808.0961,1940536.538,1,,,,
841,15,31,925808.0961,1940556.538,1,,,,
842,15,32,925808.0961,1940576.538,1,,,,
843,15,33,925808.0961,1940596.538,1,,,,
844,15,34,925808.0961,1940616.538,1,,,,
845,15,35,925808.0961,1940636.538,1,,,,
846,15,36,925808.0961,1940656.538,0,,,,
847,15,37,925808.0961,1940676.538,0,,,,
848,15,38,925808.0961,1940696.538,0,,,,
849,15,39,925808.0961,1940716.538,0,,,,
850,15,40,925808.0961,1940736.538,1,,,,
851,15,41,925808.0961,1940756.538,1,,,,
852,15,42,925808.0961,1940776.538,1,,,,
853,15,43,925808.0961,1940796.538,1,,,,
854,15,44,925808.0961,1940816.538,1,,,,
855,15,45,925808.0961,1940836.538,1,,,,
856,15,46,925808.0961,1940856.538,1,,,,
857,15,47,925808.0961,1940876.538,1,,,,
858,15,48,925828.0961,1940116.538,1,,,,
859,15,49,925828.0961,1940136.538,1,,,,
860,15,50,925828.0961,1940156.538,1,,,,
861,15,51,925828.0961,1940176.538,1,,,,
862,15,52,925828.0961,1940196.538,1,,,,
863,15,53,925828.0961,1940216.538,1,,,,
864,16,0,925828.0961,1940236.538,0,,,,
865,16,1,925828.0961,1940256.538,0,,,,
866,16,2,925828.0961,1940276.538,0,,,,
867,16,3,925828.0961,1940296.538,0,,,,
868,16,4,925828.0961,1940316.538,0,,,,
869,16,5,925828.0961,1940336.538,0,,,,
870,16,6,925828.0961,1940356.538,0,,,,
871,16,7,925828.0961,1940376.538,0,,,,
872,16,8,925828.0961,1940396.538,0,,,,
873,16,9,925828.0961,1940416.538,0,,,,
874,16,10,925828.0961,1940436.538,0,,,,
875,16,11,925828.0961,1940456.538,0,,,,
876,16,12,925828.0961,1940476.538,0,,,,
877,16,13,925828.0961,1940496.538,0,,,,
878,16,14,925828.0961,1940516.538,0,,,,
879,16,15,925828.0961,1940536.538,0,,,,
880,16,16,925828.0961,1940556.538,0,,,,
881,16,17,925828.0961,1940576.538,0,,,,
882,16,18,925828.0961,1940596.538,0,,,,
883,16,19,925828.0961,1940616.538,0,,,,
884,16,20,925828.0961,1940636.538,0,,,,
885,16,21,925828.0961,1940656.538,0,,,,
886,16,22,925828.0961,1940676.538,0,,,,
887,16,23,925828.0961,1940696.538,0,,,,
888,16,24,925828.0961,1940716.538,1,,,,
889,16,25,925828.0961,1940736.538,1,,,,
890,16,26,925828.0961,1940756.538,0,,,,
891,16,27,925828.0961,1940776.538,0,,,,
892,16,28,925828.0961,1940796.538,0,,,,
893,16,29,925828.0961,1940816.538,1,,,,
894,16,30,925828.0961,1940836.538,1,,,,
895,16,31,925828.0961,1940856.538,1,,,,
896,16,32,925828.0961,1940876.538,1,,,,
897,16,33,925848.0961,1940116.538,1,,,,
898,16,34,925848.0961,1940136.538,1,,,,
899,16,35,925848.0961,1940156.538,1,,,,
900,16,36,925848.0961,1940176.538,0,,,,
901,16,37,925848.0961,1940196.538,0,,,,
902,16,38,925848.0961,1940216.538,0,,,,
903,16,39,925848.0961,1940236.538,0,,,,
904,16,40,925848.0961,1940256.538,1,,,,
905,16,41,925848.0961,1940276.538,1,,,,
906,16,42,925848.0961,1940296.538,1,,,,
907,16,43,925848.0961,1940316.538,1,,,,
908,16,44,925848.0961,1940336.538,1,,,,
909,16,45,925848.0961,1940356.538,1,,,,
910,16,46,925848.0961,1940376.538,1,,,,
911,16,47,925848.0961,1940396.538,1,,,,
912,16,48,925848.0961,1940416.538,1,,,,
913,16,49,925848.0961,1940436.538,1,,,,
914,16,50,925848.0961,1940456.538,1,,,,
915,16,51,925848.0961,1940476.538,1,,,,
916,16,52,925848.0961,1940496.538,1,,,,
917,16,53,925848.0961,1940516.538,1,,,,
918,17,0,925848.0961,1940536.538,0,,,,
919,17,1,925848.0961,1940556.538,0,,,,
920,17,2,925848.0961,1940576.538,0,,,,
921,17,3,925848.0961,1940596.538,0,,,,
922,17,4,925848.0961,1940616.538,0,,,,
923,17,5,925848.0961,1940636.538,0,,,,
924,17,6,925848.0961,1940656.538,0,,,,
925,17,7,925848.0961,1940676.538,0,,,,
926,17,8,925848.0961,1940696.538,0,,,,
927,17,9,925848.0961,1940716.538,0,,,,
928,17,10,925848.0961,1940736.538,0,,,,
929,17,11,925848.0961,1940756.538,0,,,,
930,17,12,925848.0961,1940776.538,0,,,,
931,17,13,925848.0961,1940796.538,0,,,,
932,17,14,925848.0961,1940816.538,0,,,,
933,17,15,925848.0961,1940836.538,0,,,,
934,17,16,925848.0961,1940856.538,0,,,,
935,17,17,925848.0961,1940876.538,0,,,,
936,17,18,925868.0961,1940116.538,0,,,,
937,17,19,925868.0961,1940136.538,0,,,,
938,17,20,925868.0961,1940156.538,0,,,,
939,17,21,925868.0961,1940176.538,0,,,,
940,17,22,925868.0961,1940196.538,0,,,,
941,17,23,925868.0961,1940216.538,1,,,,
942,17,24,925868.0961,1940236.538,1,,,,
943,17,25,925868.0961,1940256.538,1,,,,
944,17,26,925868.0961,1940276.538,0,,,,
945,17,27,925868.0961,1940296.538,0,,,,
946,17,28,925868.0961,1940316.538,0,,,,
947,17,29,925868.0961,1940336.538,1,,,,
948,17,30,925868.0961,1940356.538,1,,,,
949,17,31,925868.0961,1940376.538,1,,,,
950,17,32,925868.0961,1940396.538,1,,,,
951,17,33,925868.0961,1940416.538,1,,,,
952,17,34,925868.0961,1940436.538,1,,,,
953,17,35,925868.0961,1940456.538,1,,,,
954,17,36,925868.0961,1940476.538,0,,,,
955,17,37,925868.0961,1940496.538,0,,,,
956,17,38,925868.0961,1940516.538,0,,,,
957,17,39,925868.0961,1940536.538,1,,,,
958,17,40,925868.0961,1940556.538,1,,,,
959,17,41,925868.0961,1940576.538,1,,,,
960,17,42,925868.0961,1940596.538,1,,,,
961,17,43,925868.0961,1940616.538,1,,,,
962,17,44,925868.0961,1940636.538,1,,,,
963,17,45,925868.0961,1940656.538,1,,,,
964,17,46,925868.0961,1940676.538,1,,,,
965,17,47,925868.0961,1940696.538,1,,,,
966,17,48,925868.0961,1940716.538,1,,,,
967,17,49,925868.0961,1940736.538,1,,,,
968,17,50,925868.0961,1940756.538,1,,,,
969,17,51,925868.0961,1940776.538,1,,,,
970,17,52,925868.0961,1940796.538,1,,,,
971,17,53,925868.0961,1940816.538,1,,,,
972,18,0,925868.0961,1940836.538,0,,,,
973,18,1,925868.0961,1940856.538,0,,,,
974,18,2,925868.0961,1940876.538,0,,,,
975,18,3,925888.0961,1940116.538,0,,,,
976,18,4,925888.0961,1940136.538,0,,,,
977,18,5,925888.0961,1940156.538,0,,,,
978,18,6,925888.0961,1940176.538,0,,,,
979,18,7,925888.0961,1940196.538,0,,,,
980,18,8,925888.0961,1940216.538,0,,,,
981,18,9,925888.0961,1940236.538,0,,,,
982,18,10,925888.0961,1940256.538,0,,,,
983,18,11,925888.0961,1940276.538,0,,,,
984,18,12,925888.0961,1940296.538,0,,,,
985,18,13,925888.0961,1940316.538,0,,,,
986,18,14,925888.0961,1940336.538,0,,,,
987,18,15,925888.0961,1940356.538,0,,,,
988,18,16,925888.0961,1940376.538,0,,,,
989,18,17,925888.0961,1940396.538,0,,,,
990,18,18,925888.0961,1940416.538,0,,,,
991,18,19,925888.0961,1940436.538,0,,,,
992,18,20,925888.0961,1940456.538,0,,,,
993,18,21,925888.0961,1940476.538,0,,,,
994,18,22,925888.0961,1940496.538,1,,,,
995,18,23,925888.0961,1940516.538,1,,,,
996,18,24,925888.0961,1940536.538,1,,,,
997,18,25,925888.0961,1940556.538,1,,,,
998,18,26,925888.0961,1940576.538,1,,,,
999,18,27,925888.0961,1940596.538,1,,,,
1000,18,28,925888.0961,1940616.538,1,,,,
1001,18,29,925888.0961,1940636.538,1,,,,
1002,18,30,925888.0961,1940656.538,1,,,,
1003,18,31,925888.0961,1940676.538,1,,,,
1004,18,32,925888.0961,1940696.538,1,,,,
1005,18,33,925888.0961,1940716.538,1,,,,
1006,18,34,925888.0961,1940736.538,1,,,,
1007,18,35,925888.0961,1940756.538,1,,,,
1008,18,36,925888.0961,1940776.538,0,,,,
1009,18,37,925888.0961,1940796.538,1,,,,
1010,18,38,925888.0961,1940816.538,1,,,,
1011,18,39,925888.0961,1940836.538,1,,,,
1012,18,40,925888.0961,1940856.538,1,,,,
1013,18,41,925888.0961,1940876.538,1,,,,
1014,18,42,925908.0961,1940116.538,1,,,,
1015,18,43,925908.0961,1940136.538,1,,,,
1016,18,44,925908.0961,1940156.538,1,,,,
1017,18,45,925908.0961,1940176.538,1,,,,
1018,18,46,925908.0961,1940196.538,1,,,,
1019,18,47,925908.0961,1940216.538,1,,,,
1020,18,48,925908.0961,1940236.538,1,,,,
1021,18,49,925908.0961,1940256.538,1,,,,
1022,18,50,925908.0961,1940276.538,1,,,,
1023,18,51,925908.0961,1940296.538,1,,,,
1024,18,52,925908.0961,1940316.538,1,,,,
1025,18,53,925908.0961,1940336.538,1,,,,
1026,19,0,925908.0961,1940356.538,0,,,,
1027,19,1,925908.0961,1940376.538,0,,,,
1028,19,2,925908.0961,1940396.538,0,,,,
1029,19,3,925908.0961,1940416.538,0,,,,
1030,19,4,925908.0961,1940436.538,0,,,,
1031,19,5,925908.0961,1940456.538,0,,,,
1032,19,6,925908.0961,1940476.538,0,,,,
1033,19,7,925908.0961,1940496.538,0,,,,
1034,19,8,925908.0961,1940516.538,0,,,,
1035,19,9,925908.0961,1940536.538,0,,,,
1036,19,10,925908.0961,1940556.538,0,,,,
1037,19,11,925908.0961,1940576.538,0,,,,
1038,19,12,925908.0961,1940596.538,0,,,,
1039,19,13,925908.0961,1940616.538,0,,,,
1040,19,14,925908.0961,1940636.538,0,,,,
1041,19,15,925908.0961,1940656.538,0,,,,
1042,19,16,925908.0961,1940676.538,0,,,,
1043,19,17,925908.0961,1940696.538,0,,,,
1044,19,18,925908.0961,1940716.538,0,,,,
1045,19,19,925908.0961,1940736.538,0,,,,
1046,19,20,925908.0961,1940756.538,0,,,,
1047,19,21,925908.0961,1940776.538,0,,,,
1048,19,22,925908.0961,1940796.538,1,,,,
1049,19,23,925908.0961,1940816.538,1,,,,
1050,19,24,925908.0961,1940836.538,1,,,,
1051,19,25,925908.0961,1940856.538,1,,,,
1052,19,26,925908.0961,1940876.538,1,,,,
1053,19,27,925928.0961,1940116.538,1,,,,
1054,19,28,925928.0961,1940136.538,1,,,,
1055,19,29,925928.0961,1940156.538,1,,,,
1056,19,30,925928.0961,1940176.538,1,,,,
1057,19,31,925928.0961,1940196.538,1,,,,
1058,19,32,925928.0961,1940216.538,1,,,,
1059,19,33,925928.0961,1940236.538,1,,,,
1060,19,34,925928.0961,1940256.538,1,,,,
1061,19,35,925928.0961,1940276.538,1,,,,
1062,19,36,925928.0961,1940296.538,1,,,,
1063,19,37,925928.0961,1940316.538,1,,,,
1064,19,38,925928.0961,1940336.538,1,,,,
1065,19,39,925928.0961,1940356.538,1,,,,
1066,19,40,925928.0961,1940376.538,1,,,,
1067,19,41,925928.0961,1940396.538,1,,,,
1068,19,42,925928.0961,1940416.538,1,,,,
1069,19,43,925928.0961,1940436.538,1,,,,
1070,19,44,925928.0961,1940456.538,1,,,,
1071,19,45,925928.0961,1940476.538,1,,,,
1072,19,46,925928.0961,1940496.538,1,,,,
1073,19,47,925928.0961,1940516.538,1,,,,
1074,19,48,925928.0961,1940536.538,1,,,,
1075,19,49,925928.0961,1940556.538,1,,,,
1076,19,50,925928.0961,1940576.538,1,,,,
1077,19,51,925928.0961,1940596.538,1,,,,
1078,19,52,925928.0961,1940616.538,1,,,,
1079,19,53,925928.0961,1940636.538,1,,,,
1080,20,0,925928.0961,1940656.538,0,,,,
1081,20,1,925928.0961,1940676.538,0,,,,
1082,20,2,925928.0961,1940696.538,0,,,,
1083,20,3,925928.0961,1940716.538,0,,,,
1084,20,4,925928.0961,1940736.538,0,,,,
1085,20,5,925928.0961,1940756.538,0,,,,
1086,20,6,925928.0961,1940776.538,0,,,,
1087,20,7,925928.0961,1940796.538,0,,,,
1088,20,8,925928.0961,1940816.538,0,,,,
1089,20,9,925928.0961,1940836.538,0,,,,
1090,20,10,925928.0961,1940856.538,0,,,,
1091,20,11,925928.0961,1940876.538,0,,,,
1092,20,12,925948.0961,1940116.538,0,,,,
1093,20,13,925948.0961,1940136.538,0,,,,
1094,20,14,925948.0961,1940156.538,0,,,,
1095,20,15,925948.0961,1940176.538,0,,,,
1096,20,16,925948.0961,1940196.538,0,,,,
1097,20,17,925948.0961,1940216.538,0,,,,
1098,20,18,925948.0961,1940236.538,0,,,,
1099,20,19,925948.0961,1940256.538,0,,,,
1100,20,20,925948.0961,1940276.538,0,,,,
1101,20,21,925948.0961,1940296.538,0,,,,
1102,20,22,925948.0961,1940316.538,1,,,,
1103,20,23,925948.0961,1940336.538,1,,,,
1104,20,24,925948.0961,1940356.538,1,,,,
1105,20,25,925948.0961,1940376.538,1,,,,
1106,20,26,925948.0961,1940396.538,1,,,,
1107,20,27,925948.0961,1940416.538,1,,,,
1108,20,28,925948.0961,1940436.538,1,,,,
1109,20,29,925948.0961,1940456.538,1,,,,
1110,20,30,925948.0961,1940476.538,1,,,,
1111,20,31,925948.0961,1940496.538,1,,,,
1112,20,32,925948.0961,1940516.538,1,,,,
1113,20,33,925948.0961,1940536.538,1,,,,
1114,20,34,925948.0961,1940556.538,1,,,,
1115,20,35,925948.0961,1940576.538,0,,,,
1116,20,36,925948.0961,1940596.538,1,,,,
1117,20,37,925948.0961,1940616.538,1,,,,
1118,20,38,925948.0961,1940636.538,1,,,,
1119,20,39,925948.0961,1940656.538,1,,,,
1120,20,40,925948.0961,1940676.538,1,,,,
1121,20,41,925948.0961,1940696.538,1,,,,
1122,20,42,925948.0961,1940716.538,1,,,,
1123,20,43,925948.0961,1940736.538,1,,,,
1124,20,44,925948.0961,1940756.538,1,,,,
1125,20,45,925948.0961,1940776.538,1,,,,
1126,20,46,925948.0961,1940796.538,1,,,,
1127,20,47,925948.0961,1940816.538,1,,,,
1128,20,48,925948.0961,1940836.538,1,,,,
1129,20,49,925948.0961,1940856.538,1,,,,
1130,20,50,925948.0961,1940876.538,1,,,,
1131,20,51,925968.0961,1940116.538,1,,,,
1132,20,52,925968.0961,1940136.538,1,,,,
1133,20,53,925968.0961,1940156.538,0,,,,
1134,21,0,925968.0961,1940176.538,0,,,,
1135,21,1,925968.0961,1940196.538,0,,,,
1136,21,2,925968.0961,1940216.538,0,,,,
1137,21,3,925968.0961,1940236.538,0,,,,
1138,21,4,925968.0961,1940256.538,0,,,,
1139,21,5,925968.0961,1940276.538,0,,,,
1140,21,6,925968.0961,1940296.538,0,,,,
1141,21,7,925968.0961,1940316.538,0,,,,
1142,21,8,925968.0961,1940336.538,0,,,,
1143,21,9,925968.0961,1940356.538,0,,,,
1144,21,10,925968.0961,1940376.538,0,,,,
1145,21,11,925968.0961,1940396.538,0,,,,
1146,21,12,925968.0961,1940416.538,0,,,,
1147,21,13,925968.0961,1940436.538,0,,,,
1148,21,14,925968.0961,1940456.538,0,,,,
1149,21,15,925968.0961,1940476.538,0,,,,
1150,21,16,925968.0961,1940496.538,0,,,,
1151,21,17,925968.0961,1940516.538,0,,,,
1152,21,18,925968.0961,1940536.538,0,,,,
1153,21,19,925968.0961,1940556.538,0,,,,
1154,21,20,925968.0961,1940576.538,0,,,,
1155,21,21,925968.0961,1940596.538,0,,,,
1156,21,22,925968.0961,1940616.538,1,,,,
1157,21,23,925968.0961,1940636.538,1,,,,
1158,21,24,925968.0961,1940656.538,1,,,,
1159,21,25,925968.0961,1940676.538,1,,,,
1160,21,26,925968.0961,1940696.538,1,,,,
1161,21,27,925968.0961,1940716.538,1,,,,
1162,21,28,925968.0961,1940736.538,1,,,,
1163,21,29,925968.0961,1940756.538,1,,,,
1164,21,30,925968.0961,1940776.538,1,,,,
1165,21,31,925968.0961,1940796.538,1,,,,
1166,21,32,925968.0961,1940816.538,1,,,,
1167,21,33,925968.0961,1940836.538,1,,,,
1168,21,34,925968.0961,1940856.538,1,,,,
1169,21,35,925968.0961,1940876.538,1,,,,
1170,21,36,925988.0961,1940116.538,1,,,,
1171,21,37,925988.0961,1940136.538,1,,,,
1172,21,38,925988.0961,1940156.538,1,,,,
1173,21,39,925988.0961,1940176.538,1,,,,
1174,21,40,925988.0961,1940196.538,1,,,,
1175,21,41,925988.0961,1940216.538,1,,,,
1176,21,42,925988.0961,1940236.538,1,,,,
1177,21,43,925988.0961,1940256.538,1,,,,
1178,21,44,925988.0961,1940276.538,1,,,,
1179,21,45,925988.0961,1940296.538,1,,,,
1180,21,46,925988.0961,1940316.538,1,,,,
1181,21,47,925988.0961,1940336.538,1,,,,
1182,21,48,925988.0961,1940356.538,1,,,,
1183,21,49,925988.0961,1940376.538,1,,,,
1184,21,50,925988.0961,1940396.538,1,,,,
1185,21,51,925988.0961,1940416.538,1,,,,
1186,21,52,925988.0961,1940436.538,0,,,,
1187,21,53,925988.0961,1940456.538,0,,,,
1188,22,0,925988.0961,1940476.538,0,,,,
1189,22,1,925988.0961,1940496.538,0,,,,
1190,22,2,925988.0961,1940516.538,0,,,,
1191,22,3,925988.0961,1940536.538,0,,,,
1192,22,4,925988.0961,1940556.538,0,,,,
1193,22,5,925988.0961,1940576.538,0,,,,
1194,22,6,925988.0961,1940596.538,0,,,,
1195,22,7,925988.0961,1940616.538,0,,,,
1196,22,8,925988.0961,1940636.538,0,,,,
1197,22,9,925988.0961,1940656.538,0,,,,
1198,22,10,925988.0961,1940676.538,0,,,,
1199,22,11,925988.0961,1940696.538,0,,,,
1200,22,12,925988.0961,1940716.538,0,,,,
1201,22,13,925988.0961,1940736.538,0,,,,
1202,22,14,925988.0961,1940756.538,0,,,,
1203,22,15,925988.0961,1940776.538,0,,,,
1204,22,16,925988.0961,1940796.538,0,,,,
1205,22,17,925988.0961,1940816.538,0,,,,
1206,22,18,925988.0961,1940836.538,0,,,,
1207,22,19,925988.0961,1940856.538,0,,,,
1208,22,20,925988.0961,1940876.538,0,,,,
1209,22,21,926008.0961,1940116.538,1,,,,
1210,22,22,926008.0961,1940136.538,1,,,,
1211,22,23,926008.0961,1940156.538,1,,,,
1212,22,24,926008.0961,1940176.538,1,,,,
1213,22,25,926008.0961,1940196.538,1,,,,
1214,22,26,926008.0961,1940216.538,1,,,,
1215,22,27,926008.0961,1940236.538,1,,,,
1216,22,28,926008.0961,1940256.538,1,,,,
1217,22,29,926008.0961,1940276.538,1,,,,
1218,22,30,926008.0961,1940296.538,1,,,,
1219,22,31,926008.0961,1940316.538,1,,,,
1220,22,32,926008.0961,1940336.538,1,,,,
1221,22,33,926008.0961,1940356.538,1,,,,
1222,22,34,926008.0961,1940376.538,1,,,,
1223,22,35,926008.0961,1940396.538,1,,,,
1224,22,36,926008.0961,1940416.538,1,,,,
1225,22,37,926008.0961,1940436.538,1,,,,
1226,22,38,926008.0961,1940456.538,1,,,,
1227,22,39,926008.0961,1940476.538,1,,,,
1228,22,40,926008.0961,1940496.538,1,,,,
1229,22,41,926008.0961,1940516.538,1,,,,
1230,22,42,926008.0961,1940536.538,1,,,,
1231,22,43,926008.0961,1940556.538,1,,,,
1232,22,44,926008.0961,1940576.538,1,,,,
1233,22,45,926008.0961,1940596.538,1,,,,
1234,22,46,926008.0961,1940616.538,1,,,,
1235,22,47,926008.0961,1940636.538,1,,,,
1236,22,48,926008.0961,1940656.538,1,,,,
1237,22,49,926008.0961,1940676.538,0,,,,
1238,22,50,926008.0961,1940696.538,0,,,,
1239,22,51,926008.0961,1940716.538,0,,,,
1240,22,52,926008.0961,1940736.538,0,,,,
1241,22,53,926008.0961,1940756.538,0,,,,
1242,23,0,926008.0961,1940776.538,0,,,,
1243,23,1,926008.0961,1940796.538,0,,,,
1244,23,2,926008.0961,1940816.538,0,,,,
1245,23,3,926008.0961,1940836.538,0,,,,
1246,23,4,926008.0961,1940856.538,0,,,,
1247,23,5,926008.0961,1940876.538,0,,,,
1248,23,6,926028.0961,1940116.538,0,,,,
1249,23,7,926028.0961,1940136.538,0,,,,
1250,23,8,926028.0961,1940156.538,0,,,,
1251,23,9,926028.0961,1940176.538,0,,,,
1252,23,10,926028.0961,1940196.538,0,,,,
1253,23,11,926028.0961,1940216.538,0,,,,
1254,23,12,926028.0961,1940236.538,0,,,,
1255,23,13,926028.0961,1940256.538,0,,,,
1256,23,14,926028.0961,1940276.538,0,,,,
1257,23,15,926028.0961,1940296.538,0,,,,
1258,23,16,926028.0961,1940316.538,0,,,,
1259,23,17,926028.0961,1940336.538,0,,,,
1260,23,18,926028.0961,1940356.538,0,,,,
1261,23,19,926028.0961,1940376.538,0,,,,
1262,23,20,926028.0961,1940396.538,0,,,,
1263,23,21,926028.0961,1940416.538,1,,,,
1264,23,22,926028.0961,1940436.538,1,,,,
1265,23,23,926028.0961,1940456.538,1,,,,
1266,23,24,926028.0961,1940476.538,1,,,,
1267,23,25,926028.0961,1940496.538,1,,,,
1268,23,26,926028.0961,1940516.538,1,,,,
1269,23,27,926028.0961,1940536.538,1,,,,
1270,23,28,926028.0961,1940556.538,1,,,,
1271,23,29,926028.0961,1940576.538,1,,,,
1272,23,30,926028.0961,1940596.538,1,,,,
1273,23,31,926028.0961,1940616.538,1,,,,
1274,23,32,926028.0961,1940636.538,1,,,,
1275,23,33,926028.0961,1940656.538,1,,,,
1276,23,34,926028.0961,1940676.538,1,,,,
1277,23,35,926028.0961,1940696.538,1,,,,
1278,23,36,926028.0961,1940716.538,1,,,,
1279,23,37,926028.0961,1940736.538,1,,,,
1280,23,38,926028.0961,1940756.538,1,,,,
1281,23,39,926028.0961,1940776.538,1,,,,
1282,23,40,926028.0961,1940796.538,1,,,,
1283,23,41,926028.0961,1940816.538,1,,,,
1284,23,42,926028.0961,1940836.538,1,,,,
1285,23,43,926028.0961,1940856.538,1,,,,
1286,23,44,926028.0961,1940876.538,1,,,,
1287,23,45,926048.0961,1940116.538,1,,,,
1288,23,46,926048.0961,1940136.538,1,,,,
1289,23,47,926048.0961,1940156.538,1,,,,
1290,23,48,926048.0961,1940176.538,0,,,,
1291,23,49,926048.0961,1940196.538,0,,,,
1292,23,50,926048.0961,1940216.538,0,,,,
1293,23,51,926048.0961,1940236.538,0,,,,
1294,23,52,926048.0961,1940256.538,0,,,,
1295,23,53,926048.0961,1940276.538,0,,,,
1296,24,0,926048.0961,1940296.538,0,,,,
1297,24,1,926048.0961,1940316.538,0,,,,
1298,24,2,926048.0961,1940336.538,0,,,,
1299,24,3,926048.0961,1940356.538,0,,,,
1300,24,4,926048.0961,1940376.538,0,,,,
1301,24,5,926048.0961,1940396.538,0,,,,
1302,24,6,926048.0961,1940416.538,0,,,,
1303,24,7,926048.0961,1940436.538,0,,,,
1304,24,8,926048.0961,1940456.538,0,,,,
1305,24,9,926048.0961,1940476.538,0,,,,
1306,24,10,926048.0961,1940496.538,0,,,,
1307,24,11,926048.0961,1940516.538,0,,,,
1308,24,12,926048.0961,1940536.538,0,,,,
1309,24,13,926048.0961,1940556.538,0,,,,
1310,24,14,926048.0961,1940576.538,0,,,,
1311,24,15,926048.0961,1940596.538,0,,,,
1312,24,16,926048.0961,1940616.538,0,,,,
1313,24,17,926048.0961,1940636.538,0,,,,
1314,24,18,926048.0961,1940656.538,0,,,,
1315,24,19,926048.0961,1940676.538,0,,,,
1316,24,20,926048.0961,1940696.538,0,,,,
1317,24,21,926048.0961,1940716.538,0,,,,
1318,24,22,926048.0961,1940736.538,1,,,,
1319,24,23,926048.0961,1940756.538,1,,,,
1320,24,24,926048.0961,1940776.538,1,,,,
1321,24,25,926048.0961,1940796.538,1,,,,
1322,24,26,926048.0961,1940816.538,1,,,,
1323,24,27,926048.0961,1940836.538,1,,,,
1324,24,28,926048.0961,1940856.538,1,,,,
1325,24,29,926048.0961,1940876.538,1,,,,
1326,24,30,926068.0961,1940116.538,1,,,,
1327,24,31,926068.0961,1940136.538,1,,,,
1328,24,32,926068.0961,1940156.538,1,,,,
1329,24,33,926068.0961,1940176.538,1,,,,
1330,24,34,926068.0961,1940196.538,1,,,,
1331,24,35,926068.0961,1940216.538,1,,,,
1332,24,36,926068.0961,1940236.538,1,,,,
1333,24,37,926068.0961,1940256.538,1,,,,
1334,24,38,926068.0961,1940276.538,1,,,,
1335,24,39,926068.0961,1940296.538,1,,,,
1336,24,40,926068.0961,1940316.538,1,,,,
1337,24,41,926068.0961,1940336.538,1,,,,
1338,24,42,926068.0961,1940356.538,1,,,,
1339,24,43,926068.0961,1940376.538,1,,,,
1340,24,44,926068.0961,1940396.538,1,,,,
1341,24,45,926068.0961,1940416.538,0,,,,
1342,24,46,926068.0961,1940436.538,1,,,,
1343,24,47,926068.0961,1940456.538,0,,,,
1344,24,48,926068.0961,1940476.538,0,,,,
1345,24,49,926068.0961,1940496.538,0,,,,
1346,24,50,926068.0961,1940516.538,0,,,,
1347,24,51,926068.0961,1940536.538,0,,,,
1348,24,52,926068.0961,1940556.538,0,,,,
1349,24,53,926068.0961,1940576.538,0,,,,
1350,25,0,926068.0961,1940596.538,0,,,,
1351,25,1,926068.0961,1940616.538,0,,,,
1352,25,2,926068.0961,1940636.538,0,,,,
1353,25,3,926068.0961,1940656.538,0,,,,
1354,25,4,926068.0961,1940676.538,0,,,,
1355,25,5,926068.0961,1940696.538,0,,,,
1356,25,6,926068.0961,1940716.538,0,,,,
1357,25,7,926068.0961,1940736.538,0,,,,
1358,25,8,926068.0961,1940756.538,0,,,,
1359,25,9,926068.0961,1940776.538,0,,,,
1360,25,10,926068.0961,1940796.538,0,,,,
1361,25,11,926068.0961,1940816.538,0,,,,
1362,25,12,926068.0961,1940836.538,0,,,,
1363,25,13,926068.0961,1940856.538,0,,,,
1364,25,14,926068.0961,1940876.538,0,,,,
1365,25,15,926088.0961,1940116.538,0,,,,
1366,25,16,926088.0961,1940136.538,0,,,,
1367,25,17,926088.0961,1940156.538,0,,,,
1368,25,18,926088.0961,1940176.538,0,,,,
1369,25,19,926088.0961,1940196.538,0,,,,
1370,25,20,926088.0961,1940216.538,0,,,,
1371,25,21,926088.0961,1940236.538,0,,,,
1372,25,22,926088.0961,1940256.538,1,,,,
1373,25,23,926088.0961,1940276.538,1,,,,
1374,25,24,926088.0961,1940296.538,1,,,,
1375,25,25,926088.0961,1940316.538,1,,,,
1376,25,26,926088.0961,1940336.538,1,,,,
1377,25,27,926088.0961,1940356.538,1,,,,
1378,25,28,926088.0961,1940376.538,1,,,,
1379,25,29,926088.0961,1940396.538,1,,,,
1380,25,30,926088.0961,1940416.538,1,,,,
1381,25,31,926088.0961,1940436.538,1,,,,
1382,25,32,926088.0961,1940456.538,1,,,,
1383,25,33,926088.0961,1940476.538,1,,,,
1384,25,34,926088.0961,1940496.538,1,,,,
1385,25,35,926088.0961,1940516.538,1,,,,
1386,25,36,926088.0961,1940536.538,1,,,,
1387,25,37,926088.0961,1940556.538,1,,,,
1388,25,38,926088.0961,1940576.538,1,,,,
1389,25,39,926088.0961,1940596.538,1,,,,
1390,25,40,926088.0961,1940616.538,1,,,,
1391,25,41,926088.0961,1940636.538,1,,,,
1392,25,42,926088.0961,1940656.538,1,,,,
1393,25,43,926088.0961,1940676.538,1,,,,
1394,25,44,926088.0961,1940696.538,0,,,,
1395,25,45,926088.0961,1940716.538,0,,,,
1396,25,46,926088.0961,1940736.538,0,,,,
1397,25,47,926088.0961,1940756.538,0,,,,
1398,25,48,926088.0961,1940776.538,0,,,,
1399,25,49,926088.0961,1940796.538,0,,,,
1400,25,50,926088.0961,1940816.538,0,,,,
1401,25,51,926088.0961,1940836.538,0,,,,
1402,25,52,926088.0961,1940856.538,0,,,,
1403,25,53,926088.0961,1940876.538,0,,,,
1404,26,0,926108.0961,1940116.538,0,,,,
1405,26,1,926108.0961,1940136.538,0,,,,
1406,26,2,926108.0961,1940156.538,0,,,,
1407,26,3,926108.0961,1940176.538,0,,,,
1408,26,4,926108.0961,1940196.538,0,,,,
1409,26,5,926108.0961,1940216.538,0,,,,
1410,26,6,926108.0961,1940236.538,0,,,,
1411,26,7,926108.0961,1940256.538,0,,,,
1412,26,8,926108.0961,1940276.538,0,,,,
1413,26,9,926108.0961,1940296.538,0,,,,
1414,26,10,926108.0961,1940316.538,0,,,,
1415,26,11,926108.0961,1940336.538,0,,,,
1416,26,12,926108.0961,1940356.538,0,,,,
1417,26,13,926108.0961,1940376.538,0,,,,
1418,26,14,926108.0961,1940396.538,0,,,,
1419,26,15,926108.0961,1940416.538,0,,,,
1420,26,16,926108.0961,1940436.538,0,,,,
1421,26,17,926108.0961,1940456.538,0,,,,
1422,26,18,926108.0961,1940476.538,0,,,,
1423,26,19,926108.0961,1940496.538,0,,,,
1424,26,20,926108.0961,1940516.538,0,,,,
1425,26,21,926108.0961,1940536.538,0,,,,
1426,26,22,926108.0961,1940556.538,0,,,,
1427,26,23,926108.0961,1940576.538,1,,,,
1428,26,24,926108.0961,1940596.538,1,,,,
1429,26,25,926108.0961,1940616.538,1,,,,
1430,26,26,926108.0961,1940636.538,1,,,,
1431,26,27,926108.0961,1940656.538,1,,,,
1432,26,28,926108.0961,1940676.538,1,,,,
1433,26,29,926108.0961,1940696.538,1,,,,
1434,26,30,926108.0961,1940716.538,1,,,,
1435,26,31,926108.0961,1940736.538,1,,,,
1436,26,32,926108.0961,1940756.538,1,,,,
1437,26,33,926108.0961,1940776.538,1,,,,
1438,26,34,926108.0961,1940796.538,1,,,,
1439,26,35,926108.0961,1940816.538,1,,,,
1440,26,36,926108.0961,1940836.538,1,,,,
1441,26,37,926108.0961,1940856.538,1,,,,
1442,26,38,926108.0961,1940876.538,1,,,,
1443,26,39,926128.0961,1940116.538,1,,,,
1444,26,40,926128.0961,1940136.538,1,,,,
1445,26,41,926128.0961,1940156.538,0,,,,
1446,26,42,926128.0961,1940176.538,0,,,,
1447,26,43,926128.0961,1940196.538,0,,,,
1448,26,44,926128.0961,1940216.538,0,,,,
1449,26,45,926128.0961,1940236.538,0,,,,
1450,26,46,926128.0961,1940256.538,0,,,,
1451,26,47,926128.0961,1940276.538,0,,,,
1452,26,48,926128.0961,1940296.538,0,,,,
1453,26,49,926128.0961,1940316.538,0,,,,
1454,26,50,926128.0961,1940336.538,0,,,,
1455,26,51,926128.0961,1940356.538,0,,,,
1456,26,52,926128.0961,1940376.538,0,,,,
1457,26,53,926128.0961,1940396.538,0,,,,
1458,27,0,926128.0961,1940416.538,0,,,,
1459,27,1,926128.0961,1940436.538,0,,,,
1460,27,2,926128.0961,1940456.538,0,,,,
1461,27,3,926128.0961,1940476.538,0,,,,
1462,27,4,926128.0961,1940496.538,0,,,,
1463,27,5,926128.0961,1940516.538,0,,,,
1464,27,6,926128.0961,1940536.538,0,,,,
1465,27,7,926128.0961,1940556.538,1,,,,
1466,27,8,926128.0961,1940576.538,1,,,,
1467,27,9,926128.0961,1940596.538,0,,,,
1468,27,10,926128.0961,1940616.538,0,,,,
1469,27,11,926128.0961,1940636.538,0,,,,
1470,27,12,926128.0961,1940656.538,0,,,,
1471,27,13,926128.0961,1940676.538,0,,,,
1472,27,14,926128.0961,1940696.538,0,,,,
1473,27,15,926128.0961,1940716.538,0,,,,
1474,27,16,926128.0961,1940736.538,0,,,,
1475,27,17,926128.0961,1940756.538,0,,,,
1476,27,18,926128.0961,1940776.538,0,,,,
1477,27,19,926128.0961,1940796.538,0,,,,
1478,27,20,926128.0961,1940816.538,0,,,,
1479,27,21,926128.0961,1940836.538,0,,,,
1480,27,22,926128.0961,1940856.538,1,,,,
1481,27,23,926128.0961,1940876.538,1,,,,
1482,27,24,926148.0961,1940116.538,1,,,,
1483,27,25,926148.0961,1940136.538,1,,,,
1484,27,26,926148.0961,1940156.538,1,,,,
1485,27,27,926148.0961,1940176.538,1,,,,
1486,27,28,926148.0961,1940196.538,1,,,,
1487,27,29,926148.0961,1940216.538,1,,,,
1488,27,30,926148.0961,1940236.538,1,,,,
1489,27,31,926148.0961,1940256.538,1,,,,
1490,27,32,926148.0961,1940276.538,1,,,,
1491,27,33,926148.0961,1940296.538,1,,,,
1492,27,34,926148.0961,1940316.538,1,,,,
1493,27,35,926148.0961,1940336.538,1,,,,
1494,27,36,926148.0961,1940356.538,1,,,,
1495,27,37,926148.0961,1940376.538,1,,,,
1496,27,38,926148.0961,1940396.538,1,,,,
1497,27,39,926148.0961,1940416.538,1,,,,
1498,27,40,926148.0961,1940436.538,1,,,,
1499,27,41,926148.0961,1940456.538,0,,,,
1500,27,42,926148.0961,1940476.538,0,,,,
1501,27,43,926148.0961,1940496.538,0,,,,
1502,27,44,926148.0961,1940516.538,0,,,,
1503,27,45,926148.0961,1940536.538,0,,,,
1504,27,46,926148.0961,1940556.538,0,,,,
1505,27,47,926148.0961,1940576.538,0,,,,
1506,27,48,926148.0961,1940596.538,0,,,,
1507,27,49,926148.0961,1940616.538,0,,,,
1508,27,50,926148.0961,1940636.538,0,,,,
1509,27,51,926148.0961,1940656.538,0,,,,
1510,27,52,926148.0961,1940676.538,0,,,,
1511,27,53,926148.0961,1940696.538,0,,,,
1512,28,0,926148.0961,1940716.538,0,,,,
1513,28,1,926148.0961,1940736.538,0,,,,
1514,28,2,926148.0961,1940756.538,0,,,,
1515,28,3,926148.0961,1940776.538,0,,,,
1516,28,4,926148.0961,1940796.538,0,,,,
1517,28,5,926148.0961,1940816.538,1,,,,
1518,28,6,926148.0961,1940836.538,1,,,,
1519,28,7,926148.0961,1940856.538,1,,,,
1520,28,8,926148.0961,1940876.538,1,,,,
1521,28,9,926168.0961,1940116.538,1,,,,
1522,28,10,926168.0961,1940136.538,0,,,,
1523,28,11,926168.0961,1940156.538,0,,,,
1524,28,12,926168.0961,1940176.538,0,,,,
1525,28,13,926168.0961,1940196.538,0,,,,
1526,28,14,926168.0961,1940216.538,0,,,,
1527,28,15,926168.0961,1940236.538,0,,,,
1528,28,16,926168.0961,1940256.538,0,,,,
1529,28,17,926168.0961,1940276.538,0,,,,
1530,28,18,926168.0961,1940296.538,0,,,,
1531,28,19,926168.0961,1940316.538,0,,,,
1532,28,20,926168.0961,1940336.538,0,,,,
1533,28,21,926168.0961,1940356.538,1,,,,
1534,28,22,926168.0961,1940376.538,1,,,,
1535,28,23,926168.0961,1940396.538,1,,,,
1536,28,24,926168.0961,1940416.538,1,,,,
1537,28,25,926168.0961,1940436.538,1,,,,
1538,28,26,926168.0961,1940456.538,1,,,,
1539,28,27,926168.0961,1940476.538,1,,,,
1540,28,28,926168.0961,1940496.538,1,,,,
1541,28,29,926168.0961,1940516.538,1,,,,
1542,28,30,926168.0961,1940536.538,1,,,,
1543,28,31,926168.0961,1940556.538,1,,,,
1544,28,32,926168.0961,1940576.538,1,,,,
1545,28,33,926168.0961,1940596.538,1,,,,
1546,28,34,926168.0961,1940616.538,1,,,,
1547,28,35,926168.0961,1940636.538,1,,,,
1548,28,36,926168.0961,1940656.538,1,,,,
1549,28,37,926168.0961,1940676.538,1,,,,
1550,28,38,926168.0961,1940696.538,1,,,,
1551,28,39,926168.0961,1940716.538,1,,,,
1552,28,40,926168.0961,1940736.538,0,,,,
1553,28,41,926168.0961,1940756.538,0,,,,
1554,28,42,926168.0961,1940776.538,0,,,,
1555,28,43,926168.0961,1940796.538,0,,,,
1556,28,44,926168.0961,1940816.538,0,,,,
1557,28,45,926168.0961,1940836.538,0,,,,
1558,28,46,926168.0961,1940856.538,0,,,,
1559,28,47,926168.0961,1940876.538,0,,,,
1560,28,48,926188.0961,1940116.538,0,,,,
1561,28,49,926188.0961,1940136.538,0,,,,
1562,28,50,926188.0961,1940156.538,0,,,,
1563,28,51,926188.0961,1940176.538,0,,,,
1564,28,52,926188.0961,1940196.538,0,,,,
1565,28,53,926188.0961,1940216.538,0,,,,
1566,29,0,926188.0961,1940236.538,0,,,,
1567,29,1,926188.0961,1940256.538,0,,,,
1568,29,2,926188.0961,1940276.538,0,,,,
1569,29,3,926188.0961,1940296.538,0,,,,
1570,29,4,926188.0961,1940316.538,1,,,,
1571,29,5,926188.0961,1940336.538,1,,,,
1572,29,6,926188.0961,1940356.538,1,,,,
1573,29,7,926188.0961,1940376.538,1,,,,
1574,29,8,926188.0961,1940396.538,1,,,,
1575,29,9,926188.0961,1940416.538,1,,,,
1576,29,10,926188.0961,1940436.538,1,,,,
1577,29,11,926188.0961,1940456.538,1,,,,
1578,29,12,926188.0961,1940476.538,1,,,,
1579,29,13,926188.0961,1940496.538,1,,,,
1580,29,14,926188.0961,1940516.538,1,,,,
1581,29,15,926188.0961,1940536.538,0,,,,
1582,29,16,926188.0961,1940556.538,0,,,,
1583,29,17,926188.0961,1940576.538,0,,,,
1584,29,18,926188.0961,1940596.538,0,,,,
1585,29,19,926188.0961,1940616.538,0,,,,
1586,29,20,926188.0961,1940636.538,0,,,,
1587,29,21,926188.0961,1940656.538,1,,,,
1588,29,22,926188.0961,1940676.538,1,,,,
1589,29,23,926188.0961,1940696.538,1,,,,
1590,29,24,926188.0961,1940716.538,1,,,,
1591,29,25,926188.0961,1940736.538,1,,,,
1592,29,26,926188.0961,1940756.538,1,,,,
1593,29,27,926188.0961,1940776.538,1,,,,
1594,29,28,926188.0961,1940796.538,1,,,,
1595,29,29,926188.0961,1940816.538,1,,,,
1596,29,30,926188.0961,1940836.538,1,,,,
1597,29,31,926188.0961,1940856.538,1,,,,
1598,29,32,926188.0961,1940876.538,1,,,,
1599,29,33,926208.0961,1940116.538,1,,,,
1600,29,34,926208.0961,1940136.538,1,,,,
1601,29,35,926208.0961,1940156.538,1,,,,
1602,29,36,926208.0961,1940176.538,1,,,,
1603,29,37,926208.0961,1940196.538,1,,,,
1604,29,38,926208.0961,1940216.538,1,,,,
1605,29,39,926208.0961,1940236.538,0,,,,
1606,29,40,926208.0961,1940256.538,0,,,,
1607,29,41,926208.0961,1940276.538,0,,,,
1608,29,42,926208.0961,1940296.538,0,,,,
1609,29,43,926208.0961,1940316.538,0,,,,
1610,29,44,926208.0961,1940336.538,0,,,,
1611,29,45,926208.0961,1940356.538,0,,,,
1612,29,46,926208.0961,1940376.538,0,,,,
1613,29,47,926208.0961,1940396.538,0,,,,
1614,29,48,926208.0961,1940416.538,0,,,,
1615,29,49,926208.0961,1940436.538,0,,,,
1616,29,50,926208.0961,1940456.538,0,,,,
1617,29,51,926208.0961,1940476.538,0,,,,
1618,29,52,926208.0961,1940496.538,0,,,,
1619,29,53,926208.0961,1940516.538,0,,,,
1620,30,0,926208.0961,1940536.538,0,,,,
1621,30,1,926208.0961,1940556.538,0,,,,
1622,30,2,926208.0961,1940576.538,0,,,,
1623,30,3,926208.0961,1940596.538,0,,,,
1624,30,4,926208.0961,1940616.538,0,,,,
1625,30,5,926208.0961,1940636.538,1,,,,
1626,30,6,926208.0961,1940656.538,1,,,,
1627,30,7,926208.0961,1940676.538,1,,,,
1628,30,8,926208.0961,1940696.538,1,,,,
1629,30,9,926208.0961,1940716.538,1,,,,
1630,30,10,926208.0961,1940736.538,1,,,,
1631,30,11,926208.0961,1940756.538,1,,,,
1632,30,12,926208.0961,1940776.538,1,,,,
1633,30,13,926208.0961,1940796.538,1,,,,
1634,30,14,926208.0961,1940816.538,1,,,,
1635,30,15,926208.0961,1940836.538,1,,,,
1636,30,16,926208.0961,1940856.538,0,,,,
1637,30,17,926208.0961,1940876.538,0,,,,
1638,30,18,926228.0961,1940116.538,0,,,,
1639,30,19,926228.0961,1940136.538,0,,,,
1640,30,20,926228.0961,1940156.538,0,,,,
1641,30,21,926228.0961,1940176.538,1,,,,
1642,30,22,926228.0961,1940196.538,1,,,,
1643,30,23,926228.0961,1940216.538,1,,,,
1644,30,24,926228.0961,1940236.538,1,,,,
1645,30,25,926228.0961,1940256.538,1,,,,
1646,30,26,926228.0961,1940276.538,1,,,,
1647,30,27,926228.0961,1940296.538,1,,,,
1648,30,28,926228.0961,1940316.538,1,,,,
1649,30,29,926228.0961,1940336.538,1,,,,
1650,30,30,926228.0961,1940356.538,1,,,,
1651,30,31,926228.0961,1940376.538,1,,,,
1652,30,32,926228.0961,1940396.538,1,,,,
1653,30,33,926228.0961,1940416.538,1,,,,
1654,30,34,926228.0961,1940436.538,1,,,,
1655,30,35,926228.0961,1940456.538,1,,,,
1656,30,36,926228.0961,1940476.538,1,,,,
1657,30,37,926228.0961,1940496.538,1,,,,
1658,30,38,926228.0961,1940516.538,0,,,,
1659,30,39,926228.0961,1940536.538,0,,,,
1660,30,40,926228.0961,1940556.538,0,,,,
1661,30,41,926228.0961,1940576.538,0,,,,
1662,30,42,926228.0961,1940596.538,0,,,,
1663,30,43,926228.0961,1940616.538,0,,,,
1664,30,44,926228.0961,1940636.538,0,,,,
1665,30,45,926228.0961,1940656.538,0,,,,
1666,30,46,926228.0961,1940676.538,0,,,,
1667,30,47,926228.0961,1940696.538,0,,,,
1668,30,48,926228.0961,1940716.538,0,,,,
1669,30,49,926228.0961,1940736.538,0,,,,
1670,30,50,926228.0961,1940756.538,0,,,,
1671,30,51,926228.0961,1940776.538,0,,,,
1672,30,52,926228.0961,1940796.538,0,,,,
1673,30,53,926228.0961,1940816.538,0,,,,
1674,31,0,926228.0961,1940836.538,0,,,,
1675,31,1,926228.0961,1940856.538,0,,,,
1676,31,2,926228.0961,1940876.538,0,,,,
1677,31,3,926248.0961,1940116.538,0,,,,
1678,31,4,926248.0961,1940136.538,0,,,,
1679,31,5,926248.0961,1940156.538,1,,,,
1680,31,6,926248.0961,1940176.538,1,,,,
1681,31,7,926248.0961,1940196.538,1,,,,
1682,31,8,926248.0961,1940216.538,1,,,,
1683,31,9,926248.0961,1940236.538,1,,,,
1684,31,10,926248.0961,1940256.538,1,,,,
1685,31,11,926248.0961,1940276.538,1,,,,
1686,31,12,926248.0961,1940296.538,1,,,,
1687,31,13,926248.0961,1940316.538,1,,,,
1688,31,14,926248.0961,1940336.538,1,,,,
1689,31,15,926248.0961,1940356.538,1,,,,
1690,31,16,926248.0961,1940376.538,1,,,,
1691,31,17,926248.0961,1940396.538,1,,,,
1692,31,18,926248.0961,1940416.538,0,,,,
1693,31,19,926248.0961,1940436.538,1,,,,
1694,31,20,926248.0961,1940456.538,1,,,,
1695,31,21,926248.0961,1940476.538,0,,,,
1696,31,22,926248.0961,1940496.538,1,,,,
1697,31,23,926248.0961,1940516.538,1,,,,
1698,31,24,926248.0961,1940536.538,1,,,,
1699,31,25,926248.0961,1940556.538,1,,,,
1700,31,26,926248.0961,1940576.538,1,,,,
1701,31,27,926248.0961,1940596.538,1,,,,
1702,31,28,926248.0961,1940616.538,1,,,,
1703,31,29,926248.0961,1940636.538,1,,,,
1704,31,30,926248.0961,1940656.538,1,,,,
1705,31,31,926248.0961,1940676.538,1,,,,
1706,31,32,926248.0961,1940696.538,1,,,,
1707,31,33,926248.0961,1940716.538,1,,,,
1708,31,34,926248.0961,1940736.538,1,,,,
1709,31,35,926248.0961,1940756.538,1,,,,
1710,31,36,926248.0961,1940776.538,1,,,,
1711,31,37,926248.0961,1940796.538,1,,,,
1712,31,38,926248.0961,1940816.538,0,,,,
1713,31,39,926248.0961,1940836.538,0,,,,
1714,31,40,926248.0961,1940856.538,0,,,,
1715,31,41,926248.0961,1940876.538,0,,,,
1716,31,42,926268.0961,1940116.538,0,,,,
1717,31,43,926268.0961,1940136.538,0,,,,
1718,31,44,926268.0961,1940156.538,0,,,,
1719,31,45,926268.0961,1940176.538,0,,,,
1720,31,46,926268.0961,1940196.538,0,,,,
1721,31,47,926268.0961,1940216.538,0,,,,
1722,31,48,926268.0961,1940236.538,0,,,,
1723,31,49,926268.0961,1940256.538,0,,,,
1724,31,50,926268.0961,1940276.538,0,,,,
1725,31,51,926268.0961,1940296.538,0,,,,
1726,31,52,926268.0961,1940316.538,0,,,,
1727,31,53,926268.0961,1940336.538,0,,,,
1728,32,0,926268.0961,1940356.538,0,,,,
1729,32,1,926268.0961,1940376.538,0,,,,
1730,32,2,926268.0961,1940396.538,0,,,,
1731,32,3,926268.0961,1940416.538,0,,,,
1732,32,4,926268.0961,1940436.538,0,,,,
1733,32,5,926268.0961,1940456.538,0,,,,
1734,32,6,926268.0961,1940476.538,1,,,,
1735,32,7,926268.0961,1940496.538,1,,,,
1736,32,8,926268.0961,1940516.538,0,,,,
1737,32,9,926268.0961,1940536.538,0,,,,
1738,32,10,926268.0961,1940556.538,1,,,,
1739,32,11,926268.0961,1940576.538,1,,,,
1740,32,12,926268.0961,1940596.538,1,,,,
1741,32,13,926268.0961,1940616.538,1,,,,
1742,32,14,926268.0961,1940636.538,1,,,,
1743,32,15,926268.0961,1940656.538,1,,,,
1744,32,16,926268.0961,1940676.538,1,,,,
1745,32,17,926268.0961,1940696.538,1,,,,
1746,32,18,926268.0961,1940716.538,1,,,,
1747,32,19,926268.0961,1940736.538,1,,,,
1748,32,20,926268.0961,1940756.538,1,,,,
1749,32,21,926268.0961,1940776.538,1,,,,
1750,32,22,926268.0961,1940796.538,0,,,,
1751,32,23,926268.0961,1940816.538,0,,,,
1752,32,24,926268.0961,1940836.538,1,,,,
1753,32,25,926268.0961,1940856.538,1,,,,
1754,32,26,926268.0961,1940876.538,1,,,,
1755,32,27,926288.0961,1940116.538,1,,,,
1756,32,28,926288.0961,1940136.538,1,,,,
1757,32,29,926288.0961,1940156.538,1,,,,
1758,32,30,926288.0961,1940176.538,1,,,,
1759,32,31,926288.0961,1940196.538,1,,,,
1760,32,32,926288.0961,1940216.538,1,,,,
1761,32,33,926288.0961,1940236.538,1,,,,
1762,32,34,926288.0961,1940256.538,0,,,,
1763,32,35,926288.0961,1940276.538,1,,,,
1764,32,36,926288.0961,1940296.538,1,,,,
1765,32,37,926288.0961,1940316.538,0,,,,
1766,32,38,926288.0961,1940336.538,0,,,,
1767,32,39,926288.0961,1940356.538,0,,,,
1768,32,40,926288.0961,1940376.538,0,,,,
1769,32,41,926288.0961,1940396.538,0,,,,
1770,32,42,926288.0961,1940416.538,0,,,,
1771,32,43,926288.0961,1940436.538,0,,,,
1772,32,44,926288.0961,1940456.538,0,,,,
1773,32,45,926288.0961,1940476.538,0,,,,
1774,32,46,926288.0961,1940496.538,0,,,,
1775,32,47,926288.0961,1940516.538,0,,,,
1776,32,48,926288.0961,1940536.538,0,,,,
1777,32,49,926288.0961,1940556.538,0,,,,
1778,32,50,926288.0961,1940576.538,0,,,,
1779,32,51,926288.0961,1940596.538,0,,,,
1780,32,52,926288.0961,1940616.538,0,,,,
1781,32,53,926288.0961,1940636.538,0,,,,
1782,33,0,926288.0961,1940656.538,0,,,,
1783,33,1,926288.0961,1940676.538,0,,,,
1784,33,2,926288.0961,1940696.538,0,,,,
1785,33,3,926288.0961,1940716.538,0,,,,
1786,33,4,926288.0961,1940736.538,0,,,,
1787,33,5,926288.0961,1940756.538,0,,,,
1788,33,6,926288.0961,1940776.538,1,,,,
1789,33,7,926288.0961,1940796.538,1,,,,
1790,33,8,926288.0961,1940816.538,1,,,,
1791,33,9,926288.0961,1940836.538,0,,,,
1792,33,10,926288.0961,1940856.538,1,,,,
1793,33,11,926288.0961,1940876.538,1,,,,
1794,33,12,926308.0961,1940116.538,1,,,,
1795,33,13,926308.0961,1940136.538,1,,,,
1796,33,14,926308.0961,1940156.538,1,,,,
1797,33,15,926308.0961,1940176.538,1,,,,
1798,33,16,926308.0961,1940196.538,1,,,,
1799,33,17,926308.0961,1940216.538,1,,,,
1800,33,18,926308.0961,1940236.538,1,,,,
1801,33,19,926308.0961,1940256.538,1,,,,
1802,33,20,926308.0961,1940276.538,1,,,,
1803,33,21,926308.0961,1940296.538,1,,,,
1804,33,22,926308.0961,1940316.538,1,,,,
1805,33,23,926308.0961,1940336.538,1,,,,
1806,33,24,926308.0961,1940356.538,0,,,,
1807,33,25,926308.0961,1940376.538,0,,,,
1808,33,26,926308.0961,1940396.538,0,,,,
1809,33,27,926308.0961,1940416.538,1,,,,
1810,33,28,926308.0961,1940436.538,1,,,,
1811,33,29,926308.0961,1940456.538,1,,,,
1812,33,30,926308.0961,1940476.538,1,,,,
1813,33,31,926308.0961,1940496.538,1,,,,
1814,33,32,926308.0961,1940516.538,0,,,,
1815,33,33,926308.0961,1940536.538,0,,,,
1816,33,34,926308.0961,1940556.538,0,,,,
1817,33,35,926308.0961,1940576.538,0,,,,
1818,33,36,926308.0961,1940596.538,0,,,,
1819,33,37,926308.0961,1940616.538,0,,,,
1820,33,38,926308.0961,1940636.538,0,,,,
1821,33,39,926308.0961,1940656.538,0,,,,
1822,33,40,926308.0961,1940676.538,0,,,,
1823,33,41,926308.0961,1940696.538,0,,,,
1824,33,42,926308.0961,1940716.538,0,,,,
1825,33,43,926308.0961,1940736.538,0,,,,
1826,33,44,926308.0961,1940756.538,0,,,,
1827,33,45,926308.0961,1940776.538,0,,,,
1828,33,46,926308.0961,1940796.538,0,,,,
1829,33,47,926308.0961,1940816.538,0,,,,
1830,33,48,926308.0961,1940836.538,0,,,,
1831,33,49,926308.0961,1940856.538,0,,,,
1832,33,50,926308.0961,1940876.538,0,,,,
1833,33,51,926328.0961,1940116.538,0,,,,
1834,33,52,926328.0961,1940136.538,0,,,,
1835,33,53,926328.0961,1940156.538,0,,,,
1836,34,0,926328.0961,1940176.538,0,,,,
1837,34,1,926328.0961,1940196.538,0,,,,
1838,34,2,926328.0961,1940216.538,0,,,,
1839,34,3,926328.0961,1940236.538,0,,,,
1840,34,4,926328.0961,1940256.538,0,,,,
1841,34,5,926328.0961,1940276.538,1,,,,
1842,34,6,926328.0961,1940296.538,1,,,,
1843,34,7,926328.0961,1940316.538,1,,,,
1844,34,8,926328.0961,1940336.538,1,,,,
1845,34,9,926328.0961,1940356.538,1,,,,
1846,34,10,926328.0961,1940376.538,1,,,,
1847,34,11,926328.0961,1940396.538,1,,,,
1848,34,12,926328.0961,1940416.538,1,,,,
1849,34,13,926328.0961,1940436.538,1,,,,
1850,34,14,926328.0961,1940456.538,1,,,,
1851,34,15,926328.0961,1940476.538,1,,,,
1852,34,16,926328.0961,1940496.538,1,,,,
1853,34,17,926328.0961,1940516.538,1,,,,
1854,34,18,926328.0961,1940536.538,1,,,,
1855,34,19,926328.0961,1940556.538,1,,,,
1856,34,20,926328.0961,1940576.538,1,,,,
1857,34,21,926328.0961,1940596.538,1,,,,
1858,34,22,926328.0961,1940616.538,1,,,,
1859,34,23,926328.0961,1940636.538,1,,,,
1860,34,24,926328.0961,1940656.538,1,,,,
1861,34,25,926328.0961,1940676.538,1,,,,
1862,34,26,926328.0961,1940696.538,1,,,,
1863,34,27,926328.0961,1940716.538,0,,,,
1864,34,28,926328.0961,1940736.538,0,,,,
1865,34,29,926328.0961,1940756.538,1,,,,
1866,34,30,926328.0961,1940776.538,1,,,,
1867,34,31,926328.0961,1940796.538,0,,,,
1868,34,32,926328.0961,1940816.538,0,,,,
1869,34,33,926328.0961,1940836.538,0,,,,
1870,34,34,926328.0961,1940856.538,0,,,,
1871,34,35,926328.0961,1940876.538,0,,,,
1872,34,36,926348.0961,1940116.538,0,,,,
1873,34,37,926348.0961,1940136.538,0,,,,
1874,34,38,926348.0961,1940156.538,0,,,,
1875,34,39,926348.0961,1940176.538,0,,,,
1876,34,40,926348.0961,1940196.538,0,,,,
1877,34,41,926348.0961,1940216.538,0,,,,
1878,34,42,926348.0961,1940236.538,0,,,,
1879,34,43,926348.0961,1940256.538,0,,,,
1880,34,44,926348.0961,1940276.538,0,,,,
1881,34,45,926348.0961,1940296.538,0,,,,
1882,34,46,926348.0961,1940316.538,0,,,,
1883,34,47,926348.0961,1940336.538,0,,,,
1884,34,48,926348.0961,1940356.538,0,,,,
1885,34,49,926348.0961,1940376.538,0,,,,
1886,34,50,926348.0961,1940396.538,0,,,,
1887,34,51,926348.0961,1940416.538,0,,,,
1888,34,52,926348.0961,1940436.538,0,,,,
1889,34,53,926348.0961,1940456.538,0,,,,
1890,35,0,926348.0961,1940476.538,0,,,,
1891,35,1,926348.0961,1940496.538,0,,,,
1892,35,2,926348.0961,1940516.538,0,,,,
1893,35,3,926348.0961,1940536.538,0,,,,
1894,35,4,926348.0961,1940556.538,1,,,,
1895,35,5,926348.0961,1940576.538,1,,,,
1896,35,6,926348.0961,1940596.538,1,,,,
1897,35,7,926348.0961,1940616.538,1,,,,
1898,35,8,926348.0961,1940636.538,1,,,,
1899,35,9,926348.0961,1940656.538,1,,,,
1900,35,10,926348.0961,1940676.538,0,,,,
1901,35,11,926348.0961,1940696.538,1,,,,
1902,35,12,926348.0961,1940716.538,1,,,,
1903,35,13,926348.0961,1940736.538,1,,,,
1904,35,14,926348.0961,1940756.538,1,,,,
1905,35,15,926348.0961,1940776.538,1,,,,
1906,35,16,926348.0961,1940796.538,1,,,,
1907,35,17,926348.0961,1940816.538,1,,,,
1908,35,18,926348.0961,1940836.538,1,,,,
1909,35,19,926348.0961,1940856.538,1,,,,
1910,35,20,926348.0961,1940876.538,1,,,,
1911,35,21,926368.0961,1940116.538,1,,,,
1912,35,22,926368.0961,1940136.538,1,,,,
1913,35,23,926368.0961,1940156.538,1,,,,
1914,35,24,926368.0961,1940176.538,1,,,,
1915,35,25,926368.0961,1940196.538,1,,,,
1916,35,26,926368.0961,1940216.538,1,,,,
1917,35,27,926368.0961,1940236.538,1,,,,
1918,35,28,926368.0961,1940256.538,0,,,,
1919,35,29,926368.0961,1940276.538,0,,,,
1920,35,30,926368.0961,1940296.538,0,,,,
1921,35,31,926368.0961,1940316.538,0,,,,
1922,35,32,926368.0961,1940336.538,0,,,,
1923,35,33,926368.0961,1940356.538,0,,,,
1924,35,34,926368.0961,1940376.538,0,,,,
1925,35,35,926368.0961,1940396.538,0,,,,
1926,35,36,926368.0961,1940416.538,0,,,,
1927,35,37,926368.0961,1940436.538,0,,,,
1928,35,38,926368.0961,1940456.538,0,,,,
1929,35,39,926368.0961,1940476.538,0,,,,
1930,35,40,926368.0961,1940496.538,0,,,,
1931,35,41,926368.0961,1940516.538,0,,,,
1932,35,42,926368.0961,1940536.538,0,,,,
1933,35,43,926368.0961,1940556.538,0,,,,
1934,35,44,926368.0961,1940576.538,0,,,,
1935,35,45,926368.0961,1940596.538,0,,,,
1936,35,46,926368.0961,1940616.538,0,,,,
1937,35,47,926368.0961,1940636.538,0,,,,
1938,35,48,926368.0961,1940656.538,0,,,,
1939,35,49,926368.0961,1940676.538,0,,,,
1940,35,50,926368.0961,1940696.538,0,,,,
1941,35,51,926368.0961,1940716.538,0,,,,
1942,35,52,926368.0961,1940736.538,0,,,,
1943,35,53,926368.0961,1940756.538,0,,,,
1944,36,0,926368.0961,1940776.538,0,,,,
1945,36,1,926368.0961,1940796.538,0,,,,
1946,36,2,926368.0961,1940816.538,0,,,,
1947,36,3,926368.0961,1940836.538,0,,,,
1948,36,4,926368.0961,1940856.538,0,,,,
1949,36,5,926368.0961,1940876.538,0,,,,
1950,36,6,926388.0961,1940116.538,1,,,,
1951,36,7,926388.0961,1940136.538,1,,,,
1952,36,8,926388.0961,1940156.538,1,,,,
1953,36,9,926388.0961,1940176.538,1,,,,
1954,36,10,926388.0961,1940196.538,1,,,,
1955,36,11,926388.0961,1940216.538,1,,,,
1956,36,12,926388.0961,1940236.538,1,,,,
1957,36,13,926388.0961,1940256.538,1,,,,
1958,36,14,926388.0961,1940276.538,1,,,,
1959,36,15,926388.0961,1940296.538,1,,,,
1960,36,16,926388.0961,1940316.538,1,,,,
1961,36,17,926388.0961,1940336.538,1,,,,
1962,36,18,926388.0961,1940356.538,1,,,,
1963,36,19,926388.0961,1940376.538,1,,,,
1964,36,20,926388.0961,1940396.538,1,,,,
1965,36,21,926388.0961,1940416.538,1,,,,
1966,36,22,926388.0961,1940436.538,1,,,,
1967,36,23,926388.0961,1940456.538,1,,,,
1968,36,24,926388.0961,1940476.538,1,,,,
1969,36,25,926388.0961,1940496.538,1,,,,
1970,36,26,926388.0961,1940516.538,1,,,,
1971,36,27,926388.0961,1940536.538,0,,,,
1972,36,28,926388.0961,1940556.538,0,,,,
1973,36,29,926388.0961,1940576.538,0,,,,
1974,36,30,926388.0961,1940596.538,0,,,,
1975,36,31,926388.0961,1940616.538,0,,,,
1976,36,32,926388.0961,1940636.538,0,,,,
1977,36,33,926388.0961,1940656.538,0,,,,
1978,36,34,926388.0961,1940676.538,0,,,,
1979,36,35,926388.0961,1940696.538,0,,,,
1980,36,36,926388.0961,1940716.538,0,,,,
1981,36,37,926388.0961,1940736.538,0,,,,
1982,36,38,926388.0961,1940756.538,0,,,,
1983,36,39,926388.0961,1940776.538,0,,,,
1984,36,40,926388.0961,1940796.538,0,,,,
1985,36,41,926388.0961,1940816.538,0,,,,
1986,36,42,926388.0961,1940836.538,0,,,,
1987,36,43,926388.0961,1940856.538,0,,,,
1988,36,44,926388.0961,1940876.538,0,,,,
1989,36,45,926408.0961,1940116.538,0,,,,
1990,36,46,926408.0961,1940136.538,0,,,,
1991,36,47,926408.0961,1940156.538,0,,,,
1992,36,48,926408.0961,1940176.538,0,,,,
1993,36,49,926408.0961,1940196.538,0,,,,
1994,36,50,926408.0961,1940216.538,0,,,,
1995,36,51,926408.0961,1940236.538,0,,,,
1996,36,52,926408.0961,1940256.538,0,,,,
1997,36,53,926408.0961,1940276.538,0,,,,
1998,37,0,926408.0961,1940296.538,0,,,,
1999,37,1,926408.0961,1940316.538,0,,,,
2000,37,2,926408.0961,1940336.538,0,,,,
2001,37,3,926408.0961,1940356.538,0,,,,
2002,37,4,926408.0961,1940376.538,0,,,,
2003,37,5,926408.0961,1940396.538,0,,,,
2004,37,6,926408.0961,1940416.538,0,,,,
2005,37,7,926408.0961,1940436.538,0,,,,
2006,37,8,926408.0961,1940456.538,1,,,,
2007,37,9,926408.0961,1940476.538,1,,,,
2008,37,10,926408.0961,1940496.538,1,,,,
2009,37,11,926408.0961,1940516.538,1,,,,
2010,37,12,926408.0961,1940536.538,1,,,,
2011,37,13,926408.0961,1940556.538,1,,,,
2012,37,14,926408.0961,1940576.538,1,,,,
2013,37,15,926408.0961,1940596.538,1,,,,
2014,37,16,926408.0961,1940616.538,1,,,,
2015,37,17,926408.0961,1940636.538,1,,,,
2016,37,18,926408.0961,1940656.538,1,,,,
2017,37,19,926408.0961,1940676.538,1,,,,
2018,37,20,926408.0961,1940696.538,1,,,,
2019,37,21,926408.0961,1940716.538,1,,,,
2020,37,22,926408.0961,1940736.538,1,,,,
2021,37,23,926408.0961,1940756.538,1,,,,
2022,37,24,926408.0961,1940776.538,0,,,,
2023,37,25,926408.0961,1940796.538,0,,,,
2024,37,26,926408.0961,1940816.538,0,,,,
2025,37,27,926408.0961,1940836.538,0,,,,
2026,37,28,926408.0961,1940856.538,0,,,,
2027,37,29,926408.0961,1940876.538,0,,,,
2028,37,30,926428.0961,1940116.538,0,,,,
2029,37,31,926428.0961,1940136.538,0,,,,
2030,37,32,926428.0961,1940156.538,0,,,,
2031,37,33,926428.0961,1940176.538,0,,,,
2032,37,34,926428.0961,1940196.538,0,,,,
2033,37,35,926428.0961,1940216.538,0,,,,
2034,37,36,926428.0961,1940236.538,0,,,,
2035,37,37,926428.0961,1940256.538,0,,,,
2036,37,38,926428.0961,1940276.538,0,,,,
2037,37,39,926428.0961,1940296.538,0,,,,
2038,37,40,926428.0961,1940316.538,0,,,,
2039,37,41,926428.0961,1940336.538,0,,,,
2040,37,42,926428.0961,1940356.538,0,,,,
2041,37,43,926428.0961,1940376.538,0,,,,
2042,37,44,926428.0961,1940396.538,0,,,,
2043,37,45,926428.0961,1940416.538,0,,,,
2044,37,46,926428.0961,1940436.538,0,,,,
2045,37,47,926428.0961,1940456.538,0,,,,
2046,37,48,926428.0961,1940476.538,0,,,,
2047,37,49,926428.0961,1940496.538,0,,,,
2048,37,50,926428.0961,1940516.538,0,,,,
2049,37,51,926428.0961,1940536.538,0,,,,
2050,37,52,926428.0961,1940556.538,0,,,,
2051,37,53,926428.0961,1940576.538,0,,,,
2052,38,0,926428.0961,1940596.538,0,,,,
2053,38,1,926428.0961,1940616.538,0,,,,
2054,38,2,926428.0961,1940636.538,0,,,,
2055,38,3,926428.0961,1940656.538,0,,,,
2056,38,4,926428.0961,1940676.538,0,,,,
2057,38,5,926428.0961,1940696.538,0,,,,
2058,38,6,926428.0961,1940716.538,0,,,,
2059,38,7,926428.0961,1940736.538,0,,,,
2060,38,8,926428.0961,1940756.538,0,,,,
2061,38,9,926428.0961,1940776.538,0,,,,
2062,38,10,926428.0961,1940796.538,0,,,,
2063,38,11,926428.0961,1940816.538,0,,,,
2064,38,12,926428.0961,1940836.538,1,,,,
2065,38,13,926428.0961,1940856.538,1,,,,
2066,38,14,926428.0961,1940876.538,1,,,,
2067,38,15,926448.0961,1940116.538,1,,,,
2068,38,16,926448.0961,1940136.538,1,,,,
2069,38,17,926448.0961,1940156.538,1,,,,
2070,38,18,926448.0961,1940176.538,1,,,,
2071,38,19,926448.0961,1940196.538,1,,,,
2072,38,20,926448.0961,1940216.538,1,,,,
2073,38,21,926448.0961,1940236.538,1,,,,
2074,38,22,926448.0961,1940256.538,1,,,,
2075,38,23,926448.0961,1940276.538,0,,,,
2076,38,24,926448.0961,1940296.538,0,,,,
2077,38,25,926448.0961,1940316.538,0,,,,
2078,38,26,926448.0961,1940336.538,0,,,,
2079,38,27,926448.0961,1940356.538,0,,,,
2080,38,28,926448.0961,1940376.538,0,,,,
2081,38,29,926448.0961,1940396.538,0,,,,
2082,38,30,926448.0961,1940416.538,0,,,,
2083,38,31,926448.0961,1940436.538,0,,,,
2084,38,32,926448.0961,1940456.538,0,,,,
2085,38,33,926448.0961,1940476.538,0,,,,
2086,38,34,926448.0961,1940496.538,0,,,,
2087,38,35,926448.0961,1940516.538,0,,,,
2088,38,36,926448.0961,1940536.538,0,,,,
2089,38,37,926448.0961,1940556.538,0,,,,
2090,38,38,926448.0961,1940576.538,0,,,,
2091,38,39,926448.0961,1940596.538,0,,,,
2092,38,40,926448.0961,1940616.538,0,,,,
2093,38,41,926448.0961,1940636.538,0,,,,
2094,38,42,926448.0961,1940656.538,0,,,,
2095,38,43,926448.0961,1940676.538,0,,,,
2096,38,44,926448.0961,1940696.538,0,,,,
2097,38,45,926448.0961,1940716.538,0,,,,
2098,38,46,926448.0961,1940736.538,0,,,,
2099,38,47,926448.0961,1940756.538,0,,,,
2100,38,48,926448.0961,1940776.538,0,,,,
2101,38,49,926448.0961,1940796.538,0,,,,
2102,38,50,926448.0961,1940816.538,0,,,,
2103,38,51,926448.0961,1940836.538,0,,,,
2104,38,52,926448.0961,1940856.538,0,,,,
2105,38,53,926448.0961,1940876.538,0,,,,
